experiment,target,degree,n_terms,method,train_grid_size,eval_grid_size,train_rmse,train_mae,train_p95_error,train_p99_error,train_max_error,eval_rmse,eval_mae,eval_p95_error,eval_p99_error,eval_max_error,condition_number,linf_training_optimum
grid_robustness,periodic,1,3,L2,41,251,0.23587365299057456,0.18605858124338148,0.447154709554275,0.6331785223354287,0.7449159086299163,0.22487493676781278,0.17894231105597025,0.41174424539385635,0.59297497553488,0.7356901268657586,1.6903085094570327,
grid_robustness,periodic,1,3,Linf,41,251,0.2684202386556111,0.216574728365093,0.49497083902179706,0.5232598988138542,0.5283647312750853,0.26534087422187996,0.21326146412250094,0.49275034607530377,0.5213426808628506,0.5287586503331693,1.6903085094570327,0.5283647312750853
grid_robustness,periodic,2,6,L2,41,251,0.23587365299057456,0.18605858124338148,0.4471547095542792,0.6331785223354336,0.7449159086299224,0.22487493676781276,0.17894231105597025,0.41174424539385257,0.5929749755348755,0.7356901268657645,2.859430597277969,
grid_robustness,periodic,2,6,Linf,41,251,0.26847086169723694,0.21681178383062144,0.4949847867772654,0.52289388690344,0.5283647312750865,0.26539188404542524,0.21342830982610272,0.49284530826216955,0.5214096015428215,0.5290887649351699,2.859430597277969,0.5283647312750857
grid_robustness,periodic,3,10,L2,41,251,0.03198129562145022,0.024970770013983637,0.049539547180484034,0.10389179363884138,0.1803735931813849,0.029333354111284477,0.02374382361082916,0.04901441834901754,0.07755582475406803,0.17345687545212074,3.6072179272443354,
grid_robustness,periodic,3,10,Linf,41,251,0.04055872185817244,0.03442149230199748,0.06780884712627788,0.07068907748880424,0.07079563591392668,0.03965188876478088,0.03359671197421467,0.06638617881530794,0.07011938444902824,0.07104953287773094,3.6072179272443354,0.07079563591389139
grid_robustness,periodic,4,15,L2,41,251,0.03198129562145022,0.02497077001398363,0.049539547180484644,0.10389179363884114,0.18037359318138563,0.02933335411128449,0.023743823610829162,0.049014418349018096,0.07755582475406789,0.17345687545212146,4.55448967549307,
grid_robustness,periodic,4,15,Linf,41,251,0.04055982372533767,0.0344338469364467,0.06774799298259837,0.0706666035942216,0.07079563591378868,0.039653039948809574,0.0336003273972008,0.06639223408674133,0.07013761251192108,0.07109420425970342,4.55448967549307,0.07079563591378131
grid_robustness,periodic,5,21,L2,41,251,0.0019880117588534363,0.0015371235616517165,0.003305972378584543,0.004113942649751126,0.014400648539427503,0.0017836635486087628,0.0014606966240929612,0.003145980397723236,0.0037165506273065807,0.013327421532610333,5.2987495789197245,
grid_robustness,periodic,5,21,Linf,41,251,0.0025989013473595056,0.002224454401630407,0.004274723893555432,0.004450660573234644,0.004450660573354692,0.002581099650016164,0.0022115175745700127,0.004221168023500366,0.004426320377218629,0.004505266308896694,5.2987495789197245,0.004450660573240596
grid_robustness,periodic,6,28,L2,41,251,0.0019880117588534367,0.0015371235616517076,0.003305972378583988,0.004113942649752294,0.014400648539428672,0.0017836635486087203,0.0014606966240929304,0.0031459803977238465,0.0037165506273052484,0.013327421532611381,6.171132403949876,
grid_robustness,periodic,6,28,Linf,41,251,0.002599276055061597,0.002225128342686781,0.004279191120709569,0.004450660573239585,0.004450660573251832,0.002581444484415935,0.002212135342779631,0.004220913893824063,0.004427980991113634,0.004524559372115156,6.171132403949876,0.0044506605732398605
grid_robustness,periodic,7,36,L2,41,251,7.067065562364923e-05,5.421802912239871e-05,0.00011875381772935567,0.00019321685884087224,0.0005563673553383719,6.290060964771942e-05,5.1771315108005e-05,0.00010905839953656571,0.00014255421564957071,0.0004866713481300831,6.982034131205221,
grid_robustness,periodic,7,36,Linf,41,251,9.389393337902483e-05,8.111742914814874e-05,0.0001498498029593176,0.00015273952218106956,0.00015277253992601603,9.250326377547662e-05,7.982066748725026e-05,0.00014854373755812667,0.0001531104103495995,0.00015478950349695486,6.982034131205221,0.00015273952217358604
grid_robustness,periodic,8,45,L2,41,251,7.067065562365264e-05,5.4218029122334184e-05,0.00011875381772798177,0.0001932168588420269,0.0005563673553359572,6.290060964776487e-05,5.177131510795963e-05,0.00010905839953406771,0.00014255421564773885,0.00048667134812782533,7.887919024107046,
grid_robustness,periodic,8,45,Linf,41,251,9.394045959575974e-05,8.117607625903549e-05,0.0001499902445383794,0.0001527409369653454,0.00015283581160752862,9.254583035499775e-05,7.986768672597354e-05,0.00014855620906117917,0.00015313835708659872,0.0001549778131759716,7.887919024107046,0.00015274093695633712
grid_robustness,periodic,9,55,L2,41,251,1.6228819828316386e-06,1.2348419343654535e-06,2.6711503980370033e-06,4.877324506234092e-06,1.2366884579182238e-05,1.4473887037831735e-06,1.1862839927502481e-06,2.64916878234267e-06,3.26419349150342e-06,9.941721100316901e-06,8.811626449575593,
grid_robustness,periodic,9,55,Linf,41,251,2.178681067784895e-06,1.899435987477902e-06,3.4077650633013157e-06,3.4543874912886616e-06,3.5115078120540044e-06,2.1638542663829174e-06,1.8850825326060215e-06,3.3786211646180675e-06,3.47838605035955e-06,3.6050761204053927e-06,8.811626449575593,3.4543873869206402e-06
grid_robustness,periodic,10,66,L2,41,251,1.6228819828291796e-06,1.2348419342535412e-06,2.6711503993137597e-06,4.877324517687972e-06,1.2366884589792509e-05,1.4473887036864498e-06,1.186283992583654e-06,2.6491687849516943e-06,3.264193497831691e-06,9.941721109917728e-06,9.784673996403708,
grid_robustness,periodic,10,66,Linf,41,251,2.182534555876282e-06,1.9026379219240774e-06,3.417788105197772e-06,3.453244529905142e-06,3.5241456369794477e-06,2.1689170335833947e-06,1.8924555910852365e-06,3.377747767985273e-06,3.4757321896172755e-06,3.620035039286762e-06,9.784673996403708,3.4532444817081836e-06
grid_robustness,periodic,11,78,L2,41,251,2.599397575440078e-08,1.9719900242421854e-08,4.363445937904942e-08,8.370104779831245e-08,1.7474396108579926e-07,2.3386634525518532e-08,1.897007297629816e-08,4.2923255560989304e-08,5.7207528214586745e-08,1.2305684358657198e-07,10.753486401739197,
grid_robustness,periodic,11,78,Linf,41,251,4.2108410827356564e-08,3.4973149952027e-08,7.893850373992031e-08,1.0904548084500485e-07,1.3690574568459013e-07,4.075259207108444e-08,3.389244769708004e-08,7.476567409625545e-08,1.0652917027328956e-07,1.386405149572667e-07,10.753486401739197,4.622210346475945e-08
grid_robustness,periodic,12,91,L2,41,251,2.599397575148069e-08,1.9719900194248678e-08,4.363446132193971e-08,8.370103690147346e-08,1.7474396192540542e-07,2.3386634579489126e-08,1.8970072987856357e-08,4.29232576149019e-08,5.7207532266900785e-08,1.2305684283977353e-07,11.772279558584941,
grid_robustness,periodic,12,91,Linf,41,251,4.595169291317858e-08,3.9080868971771475e-08,8.368224468924268e-08,1.0098449001461066e-07,1.2120174663898808e-07,4.602390906257465e-08,3.90502944042503e-08,8.342198287714098e-08,1.0418805140854914e-07,1.2231831758580114e-07,11.772279558584941,4.812676259083849e-08
grid_robustness,periodic,13,105,L2,41,251,3.0606562560529837e-10,2.3107625828220222e-10,5.393585578161719e-10,1.110072874725163e-09,1.6747861594153231e-09,2.791268180806018e-10,2.232208767865711e-10,5.215197718122511e-10,7.181893413310547e-10,1.145189845730421e-09,12.774750425406046,
grid_robustness,periodic,13,105,Linf,41,251,1.3008544719181545e-08,9.01476514404717e-09,2.843418386855312e-08,4.0404545814665146e-08,5.90093132690761e-08,1.3201525192064367e-08,9.323311312632843e-09,2.8723302750166546e-08,4.20373142406838e-08,5.992771204277325e-08,12.774750425406046,0.0
grid_robustness,periodic,14,120,L2,41,251,3.060656301487608e-10,2.310764272575744e-10,5.393572810596936e-10,1.1100670721221025e-09,1.674791294196812e-09,2.7912690224257897e-10,2.232210265419594e-10,5.215224918586614e-10,7.181894523533572e-10,1.1451818417163029e-09,13.840851688845886,
grid_robustness,periodic,14,120,Linf,41,251,5.661242416109188e-09,3.5358862465764458e-09,1.2702252139007442e-08,2.150305067338821e-08,3.51196319803293e-08,4.727749145024767e-09,3.221565140676681e-09,9.991525828922931e-09,1.711624834921377e-08,3.043222418508407e-08,13.840851688845886,0.0
grid_robustness,periodic,15,136,L2,41,251,2.7521082411287184e-12,2.0424562026510056e-12,5.042022355183917e-12,9.644673948372429e-12,1.2494325019041241e-11,2.555173391574413e-12,2.007856038094308e-12,4.8160468668623224e-12,6.416478459669861e-12,1.0883599577127256e-11,14.869671761612242,
grid_robustness,periodic,15,136,Linf,41,251,8.569661803789311e-10,4.139551394638001e-10,1.282161932181225e-09,4.451911994607381e-09,9.521423927072448e-09,5.373709879546488e-10,3.318368821947389e-10,9.060692474083254e-10,1.945752864385142e-09,8.256332062472893e-09,14.869671761612242,0.0
grid_robustness,periodic,16,153,L2,41,251,2.752105806462201e-12,2.0424828407753533e-12,5.042799511301155e-12,9.645167997618387e-12,1.2495556016190326e-11,2.5551613030843834e-12,2.0078560060565292e-12,4.816064214097082e-12,6.416187026125897e-12,1.0882073020468397e-11,15.98659532781521,
grid_robustness,periodic,16,153,Linf,41,251,6.874457372456224e-10,3.1349175631651614e-10,1.1004939320935492e-09,3.4596858926589834e-09,6.627185134000513e-09,4.3369509523074806e-10,2.43824156271499e-10,8.651560301498051e-10,1.855103895151422e-09,4.879108774988317e-09,15.98659532781521,0.0
grid_robustness,interaction,1,3,L2,41,251,0.5749132480891069,0.49653975484357316,1.0485327360395527,1.091156347876396,1.103014297604976,0.5720966761153341,0.49231291763947127,1.0533565003631713,1.0915483598164875,1.1032918454820702,1.6903085094570327,
grid_robustness,interaction,1,3,Linf,41,251,0.6703883441318339,0.5828312085724175,0.9962626659338596,0.999866443522222,0.9999911878900207,0.6780300587643419,0.5968959503667015,0.9960553103997256,0.9998382653155482,1.0000221500832052,1.6903085094570327,0.9999911878900184
grid_robustness,interaction,2,6,L2,41,251,0.557568189431756,0.4630158579655194,1.052108461793556,1.3702900278845094,1.4041666382430587,0.5514756218838699,0.4564534756925595,1.050985254483405,1.3622111742945227,1.404115853582392,2.859430597277969,
grid_robustness,interaction,2,6,Linf,41,251,0.6303839764685178,0.5546768428715582,0.9446157291455071,0.9609447460965658,0.9641228814625927,0.6321685806010889,0.5561868617939804,0.944712534366058,0.9610319566404106,0.9657188147258089,2.859430597277969,0.9641228814625913
grid_robustness,interaction,3,10,L2,41,251,0.42430898319194377,0.3592374849873036,0.7750323795723821,1.053706606129589,1.8294614767776383,0.4116015287660774,0.3514269979532804,0.7605634722001908,0.9740002171451696,1.7857656705066127,3.6072179272443354,
grid_robustness,interaction,3,10,Linf,41,251,0.5191676004827143,0.45273179658257917,0.7904971837367574,0.8050072782305172,0.8064663908428729,0.5145584636709626,0.44801987906184493,0.7876849620066478,0.8022433015536545,0.8083650512254366,3.6072179272443354,0.8064663908428564
grid_robustness,interaction,4,15,L2,41,251,0.3031395699489182,0.22251539033993967,0.5395193431318559,0.7827597101543623,2.9930024773674098,0.28203441374470156,0.21422109961011934,0.507191731281342,0.7612331524047777,2.885222391417614,4.55448967549307,
grid_robustness,interaction,4,15,Linf,41,251,0.5158444337772774,0.4640166581220586,0.7302786265751784,0.739982470187731,0.7399824701877449,0.5115613585134999,0.45976844058359057,0.7286421604243002,0.737930606636484,0.7421879970299631,4.55448967549307,0.7399824701877322
grid_robustness,interaction,5,21,L2,41,251,0.2236990199065641,0.17668057223154368,0.3596340164139529,0.7038602865142526,1.4052011779212712,0.21030348620945502,0.17148448779345413,0.34978120757455367,0.6119988540937263,1.3334377914308368,5.2987495789197245,
grid_robustness,interaction,5,21,Linf,41,251,0.29523268833095273,0.2631694249877831,0.44373244024100733,0.4479605052171604,0.4479605052178942,0.2955846962599989,0.2636594214847125,0.4430961844122999,0.44768048811982,0.4495918413699643,5.2987495789197245,0.4479605052171612
grid_robustness,interaction,6,28,L2,41,251,0.08989662635452353,0.07250291295367566,0.17660502595593175,0.265361280299923,0.6131431184605269,0.08293391957059107,0.06920307432068214,0.14734786814290224,0.23824922659847236,0.5368271330921688,6.171132403949876,
grid_robustness,interaction,6,28,Linf,41,251,0.11815152721777632,0.10371466283868783,0.18915229546823764,0.19727045248040015,0.19727045249078423,0.11656386036372511,0.10228836183254343,0.18703953982309474,0.19598391045521946,0.20055843365685905,6.171132403949876,0.1972704524804018
grid_robustness,interaction,7,36,L2,41,251,0.0591926896391927,0.04186587944023884,0.10857403582354219,0.16685017538189853,0.818167013759952,0.052856571859464005,0.04024939797312426,0.10789571787321409,0.14297173391684206,0.7377128120301617,6.982034131205221,
grid_robustness,interaction,7,36,Linf,41,251,0.1017505822952311,0.09017644349930155,0.15283507163718069,0.15407348634120677,0.1540734863413038,0.10167213219368758,0.0904320418125563,0.1523916139034095,0.15425447807821824,0.1573084452150464,6.982034131205221,0.15407348634120663
grid_robustness,interaction,8,45,L2,41,251,0.03337864850171262,0.02530633726205922,0.05449131332042548,0.10269299026226981,0.2693320253786773,0.03019521330650048,0.024418612767262867,0.05130915762819377,0.07245809855705829,0.24625126088865623,7.887919024107046,
grid_robustness,interaction,8,45,Linf,41,251,0.046441947635092226,0.04136194176465059,0.06867787419795876,0.06898684360519812,0.06898684360652707,0.04641746914537612,0.041407759958919106,0.06851701572318092,0.06918778187960406,0.06995327994062334,7.887919024107046,0.06898684360519772
grid_robustness,interaction,9,55,L2,41,251,0.009409406421470562,0.007384464148863997,0.01576974166497236,0.03182402042116195,0.05123043469555741,0.00846538198058631,0.00701150661939372,0.0145930732741828,0.023776145311667635,0.04499368832969724,8.811626449575593,
grid_robustness,interaction,9,55,Linf,41,251,0.012973794057531986,0.011515939573186007,0.019230844126284175,0.01938559466732764,0.019385594694401875,0.012967437086472001,0.011512466968295675,0.019139934209104537,0.019408411020256616,0.020586350786596534,8.811626449575593,0.019385594667321326
grid_robustness,interaction,10,66,L2,41,251,0.005168842915896681,0.003557659902164094,0.008827186969182388,0.015115020922635813,0.07025582163496161,0.00456877613430122,0.003422463003363083,0.0088040009888265,0.014530685497912699,0.05636884141274894,9.784673996403708,
grid_robustness,interaction,10,66,Linf,41,251,0.008918550767112628,0.007885625319937632,0.013722447811982952,0.013732502899015186,0.013732502914417544,0.008837727359932036,0.007789071438415787,0.013635675358778188,0.013817538109877736,0.014300525011916754,9.784673996403708,0.013732502898996593
grid_robustness,interaction,11,78,L2,41,251,0.0026148951666648814,0.001908121839695122,0.004344142977730059,0.008534567422946572,0.022341270294341145,0.0023391859397768272,0.0018468673088812635,0.004246503867296969,0.005791320331912875,0.018116615650105125,10.753486401739197,
grid_robustness,interaction,11,78,Linf,41,251,0.0037683298616343714,0.0033430385372440106,0.005581615150218822,0.005582700478621394,0.005582700478677701,0.003738386173558965,0.0033057440454793245,0.005554509746396763,0.005602242246990352,0.005862538943385398,10.753486401739197,0.005582700478614769
grid_robustness,interaction,12,91,L2,41,251,0.000622338565464154,0.000485437683577559,0.0010133594748546054,0.002143179522287119,0.0033704059318214463,0.0005587149219968515,0.0004629661367795956,0.0009586174454569996,0.001414833550983815,0.0026323018437611457,11.772279558584941,
grid_robustness,interaction,12,91,Linf,41,251,0.0008252971753824856,0.0007364871320871022,0.001202433072697462,0.0012024330727919753,0.001202433073105361,0.0008173377585569346,0.0007267474043497377,0.0011954146726697035,0.0012147531958150992,0.0014489403883047036,11.772279558584941,0.0012024330727783217
grid_robustness,interaction,13,105,L2,41,251,0.0002474223612982837,0.00017101013142612387,0.00045939969908448397,0.0008918119531499805,0.0026826610385298,0.00022118026009556064,0.00016402370237178374,0.0004424206416119847,0.0007511278031304691,0.0017236017969077255,12.774750425406046,
grid_robustness,interaction,13,105,Linf,41,251,0.0004502342095625649,0.00040000427935605866,0.000676211096271355,0.0006762110991002767,0.0006762225050662707,0.0004488185558662682,0.00039922517185188045,0.000672743305274337,0.0006849771595112686,0.0007406025730022424,12.774750425406046,0.000676211096291573
grid_robustness,interaction,14,120,L2,41,251,0.00012543324366335508,8.958155924723364e-05,0.00022304080007923277,0.0004214550457337876,0.0009049077738293787,0.00011355844053183893,8.627963722883996e-05,0.0002073760591286833,0.00030656505390000074,0.0006651412256817313,13.840851688845886,
grid_robustness,interaction,14,120,Linf,41,251,0.00018824702601686352,0.00016725324777216877,0.00027718834147960614,0.00027718834152944404,0.0002772445008361879,0.00018701020606834293,0.00016596726430750242,0.0002764906801750733,0.0002800332758944313,0.00031536653134267567,13.840851688845886,0.00027718834148401147
grid_robustness,interaction,15,136,L2,41,251,2.942775932687331e-05,2.2846078291531462e-05,5.191159140316426e-05,9.634414956164838e-05,0.00013754405724841767,2.690332120826442e-05,2.1814060989843538e-05,4.650227465086143e-05,7.258015209066215e-05,0.00014058292527518307,14.869671761612242,
grid_robustness,interaction,15,136,Linf,41,251,3.9095852082687304e-05,3.510439432076557e-05,5.619133068796023e-05,5.619134945495374e-05,5.624265092817049e-05,3.872017021770147e-05,3.464842022002313e-05,5.613007690097316e-05,5.719479784430451e-05,7.381598034308934e-05,14.869671761612242,5.619133068854528e-05
grid_robustness,interaction,16,153,L2,41,251,7.25415912231688e-06,5.177019183960217e-06,1.3817986997843867e-05,2.4459176711544304e-05,6.081628440432474e-05,6.67481861174539e-06,4.984434539052862e-06,1.2269688163146775e-05,2.1861505636655565e-05,4.912508335619403e-05,15.98659532781521,
grid_robustness,interaction,16,153,Linf,41,251,1.3197475918027751e-05,1.1825319410084412e-05,1.9249544018662412e-05,1.924954424495471e-05,1.933765268179855e-05,1.3095158226172145e-05,1.1692134791481366e-05,1.9258559982249235e-05,1.9890414512627186e-05,2.9881012149339525e-05,15.98659532781521,1.9249544018608507e-05
grid_robustness,transition,1,3,L2,41,251,0.3894533342731225,0.3429681203208531,0.5546482868376745,0.7480042287581344,0.8897337185822569,0.3859192533659113,0.34116634451390704,0.5547750206597182,0.7015141337272185,0.8822049146972682,1.6903085094570327,
grid_robustness,transition,1,3,Linf,41,251,0.4073157798333551,0.36019959517054706,0.6007576738733756,0.6045546277358038,0.6045546277358039,0.408222754389579,0.3619175554844864,0.6024642904288424,0.6047759209232995,0.60486777850348,1.6903085094570327,0.6045546277358036
grid_robustness,transition,2,6,L2,41,251,0.3894533342731225,0.3429681203208531,0.5546482868376755,0.7480042287581278,0.8897337185822636,0.3859192533659113,0.34116634451390704,0.5547750206597174,0.7015141337272123,0.8822049146972747,2.859430597277969,
grid_robustness,transition,2,6,Linf,41,251,0.4073157798333551,0.3601995951705471,0.6007576738733772,0.6045546277358052,0.6045546277358066,0.408222754389579,0.3619175554844864,0.6024642904288415,0.6047759209232993,0.6048677785034826,2.859430597277969,0.6045546277358033
grid_robustness,transition,3,10,L2,41,251,0.22726965929557477,0.19457189428954472,0.39068429692013995,0.415799695867225,0.7402080453738911,0.22427549513381687,0.19299667506913848,0.388360581871944,0.4143353892955795,0.7208146751506042,3.6072179272443354,
grid_robustness,transition,3,10,Linf,41,251,0.25977939948703044,0.23290847641493304,0.36859794129045864,0.36859794129046997,0.3685979412904795,0.2598077557180033,0.23346794657088646,0.36811258368458627,0.36961980538577915,0.3697090069930447,3.6072179272443354,0.36859794129046874
grid_robustness,transition,4,15,L2,41,251,0.22726965929557477,0.19457189428954455,0.390684296920141,0.41579969586722687,0.7402080453738916,0.22427549513381687,0.19299667506913834,0.3883605818719429,0.41433538929558106,0.7208146751506044,4.55448967549307,
grid_robustness,transition,4,15,Linf,41,251,0.25977939948703277,0.232908476414935,0.36859794129046597,0.3685979412904705,0.3685979412904792,0.2598077557180058,0.2334679465708887,0.3681125836845956,0.369619805385782,0.36970900699305353,4.55448967549307,0.3685979412904671
grid_robustness,transition,5,21,L2,41,251,0.14249084483530008,0.12018203561814,0.26295118182354316,0.2836870520869269,0.551261364363294,0.14028899313570087,0.11938112017707844,0.26080760567277866,0.28230833884114737,0.52172242332958,5.2987495789197245,
grid_robustness,transition,5,21,Linf,41,251,0.16893864261610672,0.1517523898078893,0.23820415509602844,0.23820415509606493,0.23820415509609927,0.16890787952290987,0.15198657136387278,0.23815491798972177,0.23999783936024427,0.2400100644425725,5.2987495789197245,0.2382041550960434
grid_robustness,transition,6,28,L2,41,251,0.14249084483530008,0.12018203561813995,0.2629511818235418,0.2836870520869259,0.5512613643633011,0.14028899313570084,0.11938112017707843,0.2608076056727796,0.2823083388411465,0.5217224233295873,6.171132403949876,
grid_robustness,transition,6,28,Linf,41,251,0.16893864261616018,0.15175238980795963,0.23820415509597376,0.2382041550963906,0.23820415510006876,0.16890787952296005,0.15198657136392105,0.23815491798953436,0.23999783936024988,0.24001006444584155,6.171132403949876,0.23820415509606696
grid_robustness,transition,7,36,L2,41,251,0.09191792285924069,0.07674344997615268,0.17861846525206893,0.19526205294275473,0.3785592590004021,0.09046019189215386,0.07634351226223976,0.1752723068247083,0.19630851259903326,0.3432419779175113,6.982034131205221,
grid_robustness,transition,7,36,Linf,41,251,0.11231481404170633,0.10098423392295873,0.15847304708901544,0.1584730470898264,0.15847304710382393,0.11225437703066396,0.10102388153041894,0.15823209963187246,0.15901882579119653,0.16192911014948108,6.982034131205221,0.15847304708900478
grid_robustness,transition,8,45,L2,41,251,0.0919179228592407,0.07674344997615277,0.1786184652520672,0.1952620529427485,0.378559259000399,0.0904601918921539,0.07634351226223994,0.17527230682470574,0.1963085125990297,0.3432419779175083,7.887919024107046,
grid_robustness,transition,8,45,Linf,41,251,0.11231481404092596,0.10098423392242484,0.15847304708901333,0.15847304709023785,0.1584730471111988,0.11225437702992773,0.10102388152977992,0.1582320996324773,0.15901882578535093,0.16192911014981726,7.887919024107046,0.1584730470890399
grid_robustness,transition,9,55,L2,41,251,0.06009130409593071,0.04974246814372501,0.1189329680253578,0.13611088353681977,0.2398159412967149,0.05921699610930587,0.04956643738473252,0.11677682008850532,0.13548176923572036,0.2043169682781124,8.811626449575593,
grid_robustness,transition,9,55,Linf,41,251,0.07533947979786496,0.06744336878654576,0.10584512386904055,0.10584512388510217,0.10584512511288025,0.07528899916348683,0.06776044386829572,0.1060453244841858,0.10713683245968264,0.10770247550825018,8.811626449575593,0.10584512386902675
grid_robustness,transition,10,66,L2,41,251,0.06009130409593071,0.049742468143724974,0.1189329680253578,0.13611088353681955,0.23981594129671957,0.0592169961093058,0.04956643738473245,0.11677682008850443,0.13548176923572042,0.20431696827811596,9.784673996403708,
grid_robustness,transition,10,66,Linf,41,251,0.07533947984757214,0.067443368820453,0.10584512386905887,0.10584512386988547,0.10584512390008927,0.07528899920425117,0.06776044390385434,0.10604532448431836,0.10713683245974609,0.10770247548916123,9.784673996403708,0.10584512386905402
grid_robustness,transition,11,78,L2,41,251,0.0395480591873774,0.032396670706112976,0.07768249103132019,0.0944561432549608,0.14082756099017135,0.03908137059656732,0.03243337215188974,0.07718857762751935,0.09297282087992742,0.10953790944011443,10.753486401739197,
grid_robustness,transition,11,78,Linf,41,251,0.05077394939842968,0.04566890759277441,0.0715751733381127,0.07157517334299365,0.07157517339702202,0.050710552265895784,0.0456415789143066,0.0714192372754412,0.07175351628295534,0.07930380379622826,10.753486401739197,0.0715751733380965
grid_robustness,transition,12,91,L2,41,251,0.03954805918737739,0.03239667070611302,0.07768249103132352,0.09445614325496351,0.14082756099020288,0.0390813705965674,0.032433372151889885,0.0771885776275158,0.09297282087992692,0.1095379094401433,11.772279558584941,
grid_robustness,transition,12,91,Linf,41,251,0.050773949536678464,0.045668907776239505,0.07157517333810626,0.07157517343583834,0.07157519794644962,0.050710552370502524,0.04564157901641667,0.07141923865142386,0.0717535163461741,0.07930380379166835,11.772279558584941,0.0715751733381005
grid_robustness,transition,13,105,L2,41,251,0.026114207786740846,0.021327221229102702,0.05220388704466,0.06437035847230435,0.07697805660274026,0.025908657164505036,0.02131052662779363,0.05051609729438711,0.06347099551374724,0.06686743554372743,12.774750425406046,
grid_robustness,transition,13,105,Linf,41,251,0.03439929970310116,0.031020078483478323,0.04815203344100549,0.04815203344752057,0.048152033805096583,0.03436208638181716,0.030927185011235918,0.04848034113840849,0.04904044405638608,0.0494263566725508,12.774750425406046,0.04815203344096676
grid_robustness,transition,14,120,L2,41,251,0.026114207786740853,0.021327221229102685,0.05220388704465723,0.0643703584723047,0.07697805660275092,0.025908657164505057,0.021310526627793647,0.05051609729438861,0.0634709955137468,0.06686743554372832,13.840851688845886,
grid_robustness,transition,14,120,Linf,41,251,0.03439980765185751,0.03102225719607661,0.048152033441117514,0.04815203351824611,0.0481520423084949,0.034362470590745715,0.030927997070582275,0.04847248647687452,0.04905537150466588,0.0495585819038461,13.840851688845886,0.048152033440978105
grid_robustness,transition,15,136,L2,41,251,0.017267988204964523,0.013971510376437485,0.034551962760640764,0.04184677110444853,0.04541907275282531,0.0172175685517358,0.014031588554619898,0.033186774212811576,0.04314186127754316,0.045838811152696834,14.869671761612242,
grid_robustness,transition,15,136,Linf,41,251,0.023160115367156214,0.02074585654194534,0.03207628925787798,0.0320762895341121,0.03207629387867228,0.023135752735326788,0.020817677334740107,0.03252824232870566,0.03334256198776275,0.03363957864318223,14.869671761612242,0.032076289256561474
grid_robustness,transition,16,153,L2,41,251,0.01726798820496452,0.013971510376437481,0.03455196276064054,0.041846771104448566,0.04541907275282525,0.017217568551735812,0.014031588554619908,0.0331867742128118,0.043141861277542715,0.045838811152697334,15.98659532781521,
grid_robustness,transition,16,153,Linf,41,251,0.023160472742632648,0.02075188143661921,0.032076289259637236,0.032076290524497564,0.03207632934481919,0.02313607338689707,0.020819007227687456,0.03259869990576214,0.033348485000068984,0.03371744953715883,15.98659532781521,0.03207628925962869
