target,degree,n_terms,method,train_rmse,train_mae,train_max_error,eval_rmse,eval_mae,eval_max_error,condition_number
phi1_periodic,1,3,L2,0.23964392880927404,0.18910136759253673,0.7354411463811755,0.22534657053049825,0.17983926493800234,0.7239676462881459,1.6770509831248426
phi1_periodic,1,3,Linf,0.2695842409988858,0.2177405953122335,0.5283647312750857,0.26533931731940674,0.2132586233631683,0.5287360672369598,1.6770509831248426
phi1_periodic,2,6,L2,0.23964392880927404,0.18910136759253673,0.7354411463811877,0.22534657053049825,0.17983926493800234,0.723967646288158,2.8165355891089043
phi1_periodic,2,6,Linf,0.2698477044414665,0.21859455186717971,0.5283647312750858,0.26560553033508216,0.2139877927468374,0.5296686081681037,2.8165355891089043
phi1_periodic,3,10,L2,0.03298384010313961,0.02576272534268342,0.17283072637684505,0.029648762249239347,0.024193952418940703,0.16437503856387325,3.52874327028453
phi1_periodic,3,10,Linf,0.040931694536310424,0.034678906021665366,0.07072308826743436,0.03968664809273412,0.03362249938394686,0.07139558215180525,3.52874327028453
phi1_periodic,4,15,L2,0.0329838401031396,0.025762725342683476,0.17283072637684735,0.029648762249239343,0.02419395241894073,0.16437503856387545,4.428298804535025
phi1_periodic,4,15,Linf,0.04093174746410595,0.03468181619556669,0.0707230882676375,0.039686703462772484,0.03362310310159714,0.07142838970866126,4.428298804535025
phi1_periodic,5,21,L2,0.0020736786950444454,0.0016088720843424034,0.013135305354688535,0.0018274499763610273,0.0015112668563251066,0.011860867718837232,5.144739949812352
phi1_periodic,5,21,Linf,0.0025912641756036794,0.0022115134554413275,0.004452493444347949,0.0025628320970290754,0.0022004947497519787,0.004515287531698331,5.144739949812352
phi1_periodic,6,28,L2,0.002073678695044448,0.0016088720843424247,0.013135305354691972,0.0018274499763610349,0.0015112668563251317,0.011860867718840503,5.988847135087288
phi1_periodic,6,28,Linf,0.002602799549044996,0.0022328079890411847,0.004452493444057626,0.002574228122787819,0.0022172590589376573,0.0045454051205137125,5.988847135087288
phi1_periodic,7,36,L2,7.423385124317989e-05,5.7075118104310563e-05,0.0004732856416895803,6.534389797459567e-05,5.420602359212371e-05,0.00039384764794137515,6.8447319243474425
phi1_periodic,7,36,Linf,9.485009219449294e-05,8.212709490126327e-05,0.00015261231704135052,9.275830196918853e-05,8.019191735162689e-05,0.00015747170322077952,6.8447319243474425
phi1_periodic,8,45,L2,7.423385124318237e-05,5.707511810437041e-05,0.00047328564169592,6.534389797447104e-05,5.4206023592096466e-05,0.00039384764794788384,7.803290381030962
phi1_periodic,8,45,Linf,9.536790674716379e-05,8.294211919011128e-05,0.00015261231678981302,9.33047851422085e-05,8.097719141392644e-05,0.00015791289294964095,7.803290381030962
phi1_periodic,9,55,L2,1.707883138134172e-06,1.315783964437619e-06,9.599466723599764e-06,1.519100945064992e-06,1.2520211828195592e-06,6.974098498185172e-06,8.740126263391407
phi1_periodic,9,55,Linf,2.165791976272024e-06,1.9009700076043028e-06,3.446818590255978e-06,2.1242391263589096e-06,1.8540586876445477e-06,3.677471540064481e-06,8.740126263391407
phi1_periodic,10,66,L2,1.7078831381380994e-06,1.315783964447887e-06,9.599466724585789e-06,1.5191009450996735e-06,1.2520211828422324e-06,6.974098498644873e-06,9.760800153575802
phi1_periodic,10,66,Linf,2.1777499693569306e-06,1.9182665520008798e-06,3.4527530859695954e-06,2.1368484648020035e-06,1.8718900462794276e-06,3.688276346558439e-06,9.760800153575802
phi1_periodic,11,78,L2,2.723985738534396e-08,2.0901586009509604e-08,1.2091692158655576e-07,2.466690328469667e-08,2.006032033588015e-08,8.53485256097769e-08,10.761903124203743
phi1_periodic,11,78,Linf,4.409513994219174e-08,3.720725689419897e-08,1.1066644567403472e-07,4.3541326183000294e-08,3.640757719592755e-08,1.15093284153156e-07,10.761903124203743
phi1_periodic,12,91,L2,2.723985739459708e-08,2.090158597906907e-08,1.2091691480725641e-07,2.4666903237978774e-08,2.006032024960271e-08,8.534852718490582e-08,11.858716675852053
phi1_periodic,12,91,Linf,4.0004515211344475e-08,3.4644689574667114e-08,1.305140365781554e-07,3.80547188018511e-08,3.321015305941117e-08,1.2391656090127157e-07,11.858716675852053
phi2_localised,1,3,L2,0.259015075367927,0.21569490881234368,0.6600868381475771,0.25851664346388853,0.2124904254687068,0.6600868381475771,1.6770509831248426
phi2_localised,1,3,Linf,0.309406792736145,0.27759217995257446,0.4908421805556343,0.2990438753744248,0.2669605255696051,0.49084218055563156,1.6770509831248426
phi2_localised,2,6,L2,0.10573115399763648,0.08565542096331723,0.3570923575822561,0.10204025076825039,0.08436866726463041,0.34738122025043733,2.8165355891089043
phi2_localised,2,6,Linf,0.15067277669776952,0.13776197222830505,0.20490292221325507,0.1522965411461179,0.13958006286879224,0.204913387139141,2.8165355891089043
phi2_localised,3,10,L2,0.10573115399763648,0.08565542096331723,0.3570923575822563,0.10204025076825039,0.08436866726463041,0.34738122025043744,3.52874327028453
phi2_localised,3,10,Linf,0.15067277669777007,0.13776197222830558,0.20490292221325646,0.15229654114611849,0.13958006286879282,0.2049133871391424,3.52874327028453
phi2_localised,4,15,L2,0.03130370014037158,0.024772061847246014,0.16159264403036588,0.02957274799362877,0.02449942372775646,0.15056790720807675,4.428298804535025
phi2_localised,4,15,Linf,0.04165351024738377,0.03724907488583843,0.06091603177730397,0.04134362224409419,0.03672199382795013,0.06098817428777088,4.428298804535025
phi2_localised,5,21,L2,0.03130370014037158,0.02477206184724599,0.16159264403036594,0.029572747993628773,0.024499423727756455,0.15056790720807664,5.144739949812352
phi2_localised,5,21,Linf,0.04165351024738994,0.03724907488584454,0.06091603177738483,0.041343622244099924,0.036721993827955504,0.06098817428783533,5.144739949812352
phi2_localised,6,28,L2,0.0072266596556909745,0.005550813844241237,0.04332533516984695,0.006775573052695704,0.005503122142470526,0.03760579007269242,5.988847135087288
phi2_localised,6,28,Linf,0.010219803362869402,0.009241483754399605,0.014215374922867424,0.010221843519327423,0.00924141943290422,0.014454995452630924,5.988847135087288
phi2_localised,7,36,L2,0.0072266596556909745,0.005550813844241217,0.043325335169852555,0.0067755730526956395,0.0055031221424705415,0.03760579007269775,6.8447319243474425
phi2_localised,7,36,Linf,0.010219803362803776,0.009241483754344507,0.014215374921053972,0.01022184351928439,0.009241419432868884,0.014454995450730902,6.8447319243474425
phi2_localised,8,45,L2,0.001362008581306302,0.0010135339341706148,0.007943386831906877,0.0012788718934355376,0.0010111304861016388,0.006109880447397211,7.803290381030962
phi2_localised,8,45,Linf,0.0018945515090415446,0.001699635986896443,0.0027042954960846965,0.00188521964229652,0.001685398732595821,0.0028512041447682768,7.803290381030962
phi2_localised,9,55,L2,0.0013620085813063067,0.0010135339341706343,0.007943386831908723,0.0012788718934355996,0.0010111304861016642,0.006109880447399133,8.740126263391407
phi2_localised,9,55,Linf,0.0018945532892094342,0.0016996380393526828,0.002704290466411463,0.001885220436253691,0.001685399624875095,0.0028512002796191073,8.740126263391407
phi2_localised,10,66,L2,0.000215832462887328,0.00015794622998580396,0.001070937535853328,0.0002040097142535395,0.00015729541360136036,0.0006732568309200104,9.760800153575802
phi2_localised,10,66,Linf,0.0003077325984891347,0.00027769622688226717,0.00043448613892105303,0.00030524292216566127,0.00027441784785556646,0.0004927172004679167,9.760800153575802
phi2_localised,11,78,L2,0.000215832462887329,0.00015794622998574,0.0010709375358579631,0.00020400971425352615,0.00015729541360133583,0.0006732568309189002,10.761903124203743
phi2_localised,11,78,Linf,0.00030779136609083795,0.0002776963374738507,0.00043448518571700956,0.0003052687423035694,0.00027441923212893286,0.0004940608887452937,10.761903124203743
phi2_localised,12,91,L2,2.933887487969162e-05,2.1046891283310094e-05,0.00011074753261549469,2.8028607745441873e-05,2.1120690621572823e-05,0.00010399494094076242,11.858716675852053
phi2_localised,12,91,Linf,4.264506699143793e-05,3.814441643647345e-05,6.0310931899149045e-05,4.2746897949324096e-05,3.852189697171827e-05,7.32543526414664e-05,11.858716675852053
phi3_rational,1,3,L2,0.10192789477084542,0.07539736105293494,0.4353278100861263,0.09686329081860218,0.07194831725298137,0.43955770796761195,1.6770509831248426
phi3_rational,1,3,Linf,0.13353759755022046,0.11684994360774148,0.2529650007115545,0.13042664589550856,0.11435629490449226,0.2542417448829236,1.6770509831248426
phi3_rational,2,6,L2,0.04459700046212959,0.0331390654166305,0.16169834346761314,0.042023862782295265,0.03118472224372484,0.1623486337911425,2.8165355891089043
phi3_rational,2,6,Linf,0.07536414409478645,0.06718273678838059,0.11188224586151443,0.07525468198944212,0.06712858813004598,0.11371137785166119,2.8165355891089043
phi3_rational,3,10,L2,0.02047744155627834,0.014120516889912914,0.07676635663674936,0.018773817962772037,0.012974936724642654,0.07679865632737803,3.52874327028453
phi3_rational,3,10,Linf,0.033643875291927035,0.028227138999865713,0.06309812964070899,0.032750168514535924,0.027457479622295347,0.06387579139106103,3.52874327028453
phi3_rational,4,15,L2,0.011996439236098078,0.007694618562962113,0.09853890603982274,0.010715334648078178,0.006925701117297699,0.08969957929325323,4.428298804535025
phi3_rational,4,15,Linf,0.019817542405021153,0.01680506552529023,0.0361670172941041,0.019465525784361004,0.016488709784226896,0.036699597795007574,4.428298804535025
phi3_rational,5,21,L2,0.007071846562929273,0.004835494749026644,0.06278848762989475,0.006332789170357895,0.004460340975181486,0.056825310159700604,5.144739949812352
phi3_rational,5,21,Linf,0.010906744199050132,0.009287559156661135,0.019545824366027226,0.010763462581536636,0.00918979528659192,0.020227040046948017,5.144739949812352
phi3_rational,6,28,L2,0.0035907873867403245,0.002521703791921777,0.024112399545069163,0.003239028143649631,0.002343060236555628,0.02182371656841553,5.988847135087288
phi3_rational,6,28,Linf,0.005334295254110835,0.0046367269390710855,0.008946152460194215,0.0052767901329679465,0.004587065991525581,0.009493438809829668,5.988847135087288
phi3_rational,7,36,L2,0.001675938718481392,0.001154264070003111,0.0072426661536308945,0.0015033879673888532,0.0010600815547143875,0.006812464260000539,6.8447319243474425
phi3_rational,7,36,Linf,0.002447629215299722,0.0020884254202435206,0.004359545001688142,0.002413534752858688,0.002062973607047338,0.005032726741522997,6.8447319243474425
phi3_rational,8,45,L2,0.000860110105032914,0.0005524204722126176,0.0036216813900527,0.000759265690209618,0.0005005002940499611,0.0036780579379649403,7.803290381030962
phi3_rational,8,45,Linf,0.0015048861764272547,0.001330317300732013,0.0023379322251709522,0.0014898038157352914,0.001316774919651192,0.002815504757104459,7.803290381030962
phi3_rational,9,55,L2,0.000498444784824253,0.0003257381198916515,0.0033754254973960007,0.0004410535397300951,0.0002962533907641551,0.002400899413274371,8.740126263391407
phi3_rational,9,55,Linf,0.000783879854100384,0.0006786427264320526,0.0012797413592906398,0.0007682139820335977,0.00066047639813037,0.0015299728162609938,8.740126263391407
phi3_rational,10,66,L2,0.00027762720432483355,0.00018813952707842402,0.0016954233539531183,0.0002488204226166194,0.00017146425353681572,0.0012588318282362732,9.760800153575802
phi3_rational,10,66,Linf,0.00042045812343140265,0.0003662168315271725,0.0006812422352535513,0.0004122471005872808,0.0003574807480754858,0.0008230919863475572,9.760800153575802
phi3_rational,11,78,L2,0.0001409563848417738,9.688740803399346e-05,0.0005653096891924947,0.0001276601730914917,8.881716903755204e-05,0.0005538605594398449,10.761903124203743
phi3_rational,11,78,Linf,0.00022293737561998288,0.00019692274701542078,0.0003419555531426338,0.0002196406877901696,0.00019331412426875554,0.00047123895811668204,10.761903124203743
phi3_rational,12,91,L2,6.939935395338862e-05,4.677931587030985e-05,0.00027435445344398124,6.33780574916662e-05,4.298163089844714e-05,0.00027901802619334504,11.858716675852053
phi3_rational,12,91,Linf,0.00011072008826538297,9.621054789285689e-05,0.00017381703214533473,0.00010895117158667324,9.440603744771259e-05,0.00024074293715435624,11.858716675852053
phi4_interaction,1,3,L2,0.5758480463280778,0.4973139160290598,1.1074143301714945,0.5725768858239344,0.4924050951955774,1.1077800538483675,1.6770509831248426
phi4_interaction,1,3,Linf,0.6678877201256578,0.5775814321593538,1.0,0.6780368207690854,0.5969098842575773,0.9999999846943931,1.6770509831248426
phi4_interaction,2,6,L2,0.5595426078397899,0.4652968747266301,1.3750364681790874,0.5522495636290902,0.45734401304116795,1.3801289849909653,2.8165355891089043
phi4_interaction,2,6,Linf,0.6296180515230103,0.5543136120303517,0.9627144667987768,0.6318267046405107,0.5558394071788456,0.9707284615841925,2.8165355891089043
phi4_interaction,3,10,L2,0.4289651030851152,0.3629076936772518,1.7433581589864566,0.4131106540311722,0.35319029494649756,1.690494117113077,3.52874327028453
phi4_interaction,3,10,Linf,0.5209544739788762,0.45417734302875007,0.8064950606448869,0.5143844296497114,0.44784090805426074,0.8081588385028237,3.52874327028453
phi4_interaction,4,15,L2,0.3109993281014382,0.2283472200978523,2.8307849485137897,0.2849541385460606,0.21828061293363255,2.7006307043977955,4.428298804535025
phi4_interaction,4,15,Linf,0.5177381500095694,0.4656875444631072,0.7399012595024217,0.5116952100371156,0.45990491809127826,0.7415536675701502,4.428298804535025
phi4_interaction,5,21,L2,0.22865759900817,0.18151839418903676,1.3090776172736374,0.21233083460952573,0.17471559474017875,1.2228499445290124,5.144739949812352
phi4_interaction,5,21,Linf,0.29864451568488426,0.2668360066491196,0.44764909329320907,0.298607595979308,0.26692846671276754,0.44970120439936223,5.144739949812352
phi4_interaction,6,28,L2,0.09258560237208996,0.07479568150840034,0.5388599634396123,0.08411069952926375,0.07060582029614984,0.4485637722735304,5.988847135087288
phi4_interaction,6,28,Linf,0.11657435650842218,0.10250762292725202,0.19536770658376448,0.11429886562956149,0.10040782192853046,0.20250730076749957,5.988847135087288
phi4_interaction,7,36,L2,0.061918916922263464,0.043892937069591485,0.7155559644358657,0.05451073632924717,0.042010058653412743,0.6229543593993316,6.8447319243474425
phi4_interaction,7,36,Linf,0.10272039692841135,0.09156234284301613,0.15265873704720478,0.10256373923772653,0.09175731085909294,0.1604319650331908,6.8447319243474425
phi4_interaction,8,45,L2,0.0346768052752408,0.026510168920622128,0.2326326823088011,0.030976113375741285,0.02533788880591194,0.20712073750573842,7.803290381030962
phi4_interaction,8,45,Linf,0.04625934971008117,0.04104472987530896,0.06858412415976882,0.04620347376080743,0.04112758050389113,0.06996210588575746,7.803290381030962
phi4_interaction,9,55,L2,0.009765900765840012,0.00770347723474572,0.04117371277304338,0.00868405678955075,0.007247757469671198,0.03490121774414677,8.740126263391407
phi4_interaction,9,55,Linf,0.013008750153368238,0.011576239236184357,0.01919297735948839,0.012886773402695954,0.011472923399193043,0.021766064028024862,8.740126263391407
phi4_interaction,10,66,L2,0.00544415157832025,0.0037790812977691796,0.054003279219603344,0.00479620651394405,0.003613792512637896,0.03923993144007563,9.760800153575802
phi4_interaction,10,66,Linf,0.009147001677840848,0.008177392395260765,0.013502729739537074,0.008988633678306272,0.007995214602879209,0.015517883287044714,9.760800153575802
phi4_interaction,11,78,L2,0.002733541152256561,0.0020279574104539078,0.016770011865912343,0.002443002126064749,0.0019398431577843376,0.012534585453828621,10.761903124203743
phi4_interaction,11,78,Linf,0.003745980080858892,0.0033301609897834167,0.005509863524897955,0.0036962747950266862,0.00326949987517247,0.006211513443118488,10.761903124203743
phi4_interaction,12,91,L2,0.000644709680030744,0.0005118744676963014,0.0025834791037214516,0.0005809718936661781,0.0004830872698875115,0.0023026870527951687,11.858716675852053
phi4_interaction,12,91,Linf,0.0008286107264627436,0.0007402673703341725,0.0011952012242196774,0.0008178078331254278,0.0007263981038453045,0.001659876112266867,11.858716675852053
phi5_transition,1,3,L2,0.39068464211259596,0.34330196437614935,0.8758119198143062,0.38622249228426037,0.34158255641054974,0.8664795419714656,1.6770509831248426
phi5_transition,1,3,Linf,0.4072770166186696,0.35972948360744517,0.6029100279323387,0.4084434359531021,0.3621067829619825,0.605157955495406,1.6770509831248426
phi5_transition,2,6,L2,0.39068464211259596,0.34330196437614946,0.8758119198143186,0.38622249228426037,0.34158255641054974,0.866479541971478,2.8165355891089043
phi5_transition,2,6,Linf,0.4072770166186698,0.3597294836074453,0.602910027932337,0.40844343595310234,0.3621067829619827,0.6051579554954043,2.8165355891089043
phi5_transition,3,10,L2,0.22843038334630672,0.19520338973289134,0.7048361211769366,0.22489474199440887,0.19353738267106385,0.6813869961608481,3.52874327028453
phi5_transition,3,10,Linf,0.2600014265205219,0.23278915220021792,0.3692756970907333,0.2599835354016997,0.2336096108180939,0.3698668607572655,3.52874327028453
phi5_transition,4,15,L2,0.22843038334630672,0.19520338973289136,0.7048361211769394,0.22489474199440887,0.19353738267106382,0.6813869961608512,4.428298804535025
phi5_transition,4,15,Linf,0.26000142652052227,0.23278915220017848,0.36927569708697594,0.25998353540169905,0.23360961081808765,0.369866860757206,4.428298804535025
phi5_transition,5,21,L2,0.14344353325310147,0.12069079711462044,0.49986707035406286,0.14106335788500235,0.12006090898894249,0.46541956449216004,5.144739949812352
phi5_transition,5,21,Linf,0.16921099005315113,0.15175885578095272,0.23791102006176246,0.1691404408477714,0.15219251925515762,0.23976114430488576,5.144739949812352
phi5_transition,6,28,L2,0.14344353325310144,0.12069079711462037,0.4998670703540744,0.1410633578850024,0.12006090898894267,0.4654195644921709,5.988847135087288
phi5_transition,6,28,Linf,0.16921099005315923,0.1517588557809653,0.23791102006331855,0.16914044084777563,0.15219251925516203,0.2397611443050332,5.988847135087288
phi5_transition,7,36,L2,0.09262444069348266,0.0771757209815166,0.32116985954867827,0.09123163123286825,0.0770201956787033,0.28192005112158647,6.8447319243474425
phi5_transition,7,36,Linf,0.11248981996050897,0.10098061658919326,0.1581439601677197,0.11237429391621036,0.1011199492870458,0.16157823169091223,6.8447319243474425
phi5_transition,8,45,L2,0.09262444069348266,0.07717572098151668,0.3211698595486807,0.09123163123286829,0.0770201956787034,0.2819200511215896,7.803290381030962
phi5_transition,8,45,Linf,0.11248981996001733,0.10098061658862448,0.15814396013633236,0.11237429391581637,0.10111994928667328,0.1615782316881793,7.803290381030962
phi5_transition,9,55,L2,0.06056326553969074,0.0499327848150463,0.1869946575135546,0.0598804488298749,0.05014814732805393,0.14983057464171334,8.740126263391407
phi5_transition,9,55,Linf,0.07507960876486074,0.06760890417438209,0.10407006148562326,0.07497403436924706,0.06746376438453773,0.10936204383024695,8.740126263391407
phi5_transition,10,66,L2,0.060563265539690735,0.04993278481504621,0.18699465751355926,0.059880448829874915,0.05014814732805392,0.14983057464171534,9.760800153575802
phi5_transition,10,66,Linf,0.07507961475313857,0.06760890761584891,0.10407001859341136,0.07497403967902276,0.06746376881743928,0.10936204327320143,9.760800153575802
phi5_transition,11,78,L2,0.03982252059884225,0.032809958281919085,0.09907861167222487,0.03959342056309427,0.03287942928305073,0.09815962307152976,10.761903124203743
phi5_transition,11,78,Linf,0.0509308483357251,0.04566797235706832,0.0708193566859679,0.05083379007476298,0.04574845705531003,0.07425879705147764,10.761903124203743
phi5_transition,12,91,L2,0.03982252059884224,0.03280995828191928,0.0990786116722312,0.0395934205630944,0.03287942928305088,0.0981596230715307,11.858716675852053
phi5_transition,12,91,Linf,0.05093303620342526,0.04567318449971886,0.07081935229401237,0.050835224720984735,0.04574923192386161,0.07486188736596466,11.858716675852053
