sample_size,measure,perturbation,lambda,mean_median_rho,sd_median_rho,mean_exceedance_rate,sd_exceedance_rate,mean_median_discrepancy
100,JS,contamination,0.0,0.6957371896086604,0.010925636242365939,0.05,0.011155467020454344,0.08616550890147744
100,JS,contamination,0.05,0.8106928649110214,0.010524820408819944,0.1482,0.021958546804781435,0.10039532290790176
100,JS,contamination,0.1,0.9319521423682744,0.014859060189976223,0.3491,0.037191546231786464,0.11541420938609277
100,JS,contamination,0.2,1.2009488102863095,0.014841584011773311,0.8413999999999999,0.01920763736989363,0.14872668322846375
100,JS,contamination,0.3,1.5156404774042553,0.027721443158714075,0.9911,0.005216427044549876,0.18767519986092665
100,JS,contamination,0.4,1.8452271647410723,0.016846873367563974,1.0,0.0,0.22850069357630898
100,JS,contamination,0.5,2.2387611184249856,0.03354535904274617,1.0,0.0,0.27721429854652335
100,JS,contamination,0.6,2.673021953962638,0.0323710703199006,1.0,0.0,0.3309947306258544
100,JS,contamination,0.8,3.754332297928285,0.05734243450667837,1.0,0.0,0.4648740451402479
100,JS,contamination,1.0,5.297767395023117,0.08402740269675556,1.0,0.0,0.6559751552992787
100,JS,location,0.0,0.7012945050885401,0.015023722713381822,0.05589999999999999,0.016072405614039928,0.08684773204220823
100,JS,location,0.05,0.6978692141420979,0.008403646911917084,0.0507,0.012275087689209305,0.08642763726006224
100,JS,location,0.1,0.7125713959238185,0.01399560611937733,0.054400000000000004,0.01142317332832208,0.08824126343098898
100,JS,location,0.2,0.73111179957908,0.010987219524263918,0.0758,0.011754904413808635,0.0905356747015138
100,JS,location,0.3,0.7785672081968332,0.018706332314036702,0.1255,0.024545875417267167,0.09640948685999577
100,JS,location,0.4,0.8450614917619561,0.016885473242959467,0.2132,0.02827169766549029,0.10464009854024714
100,JS,location,0.5,0.9175784923977561,0.015035703377966366,0.3524,0.027207842006794044,0.11362276578243931
100,JS,location,0.6,1.011198084689932,0.022030517274032425,0.5182,0.04340455685242685,0.12520641048801426
100,JS,location,0.8,1.2482477013013522,0.02266034764595911,0.8640000000000001,0.02219108930279098,0.15456782642387842
100,JS,location,1.0,1.519108986728697,0.025500657883501223,0.9847999999999999,0.004638007234913621,0.18810484641505326
100,JS,scale,0.0,0.6960495819023468,0.012395771330744066,0.0491,0.010181137242742362,0.08620224731974951
100,JS,scale,0.05,0.7126233709445763,0.011708558262476595,0.054700000000000006,0.01179500836041341,0.0882568593271582
100,JS,scale,0.1,0.7440315721563288,0.015403334116742346,0.0799,0.008033955715862793,0.09212481259452227
100,JS,scale,0.2,0.8083907616585009,0.01425771689156138,0.1492,0.017028081382103974,0.10010870084699466
100,JS,scale,0.3,0.8769163993472887,0.016976561836330294,0.2721,0.033254740681258936,0.1085827407261678
100,JS,scale,0.4,0.9704359370989402,0.015763683269605838,0.4391,0.03593342609759209,0.12017011936384432
100,JS,scale,0.5,1.0593705050240672,0.016794590801098946,0.6127,0.03381009053850972,0.1311917300801822
100,JS,scale,0.6,1.1477800646643366,0.022707131199568707,0.7581,0.026231660260075052,0.14211468870091998
100,JS,scale,0.8,1.3299007583733797,0.01111804752457561,0.9372999999999999,0.014922391824964805,0.16469394665664713
100,JS,scale,1.0,1.5198303192197453,0.02367918100089167,0.9884000000000001,0.00883427667918798,0.18820187443057762
100,MMD2,contamination,0.0,0.26650599139823694,0.011396997741238259,0.0485,0.009947082207584515,0.006497530448604049
100,MMD2,contamination,0.05,0.41041076082331057,0.0205213673006706,0.0848,0.011321562514855348,0.010007478559506821
100,MMD2,contamination,0.1,0.7819603482914728,0.027281502652317775,0.3489,0.016100034506519267,0.01907016084929612
100,MMD2,contamination,0.2,2.2896969347805984,0.10082690872291478,0.9487,0.009661492868312024,0.05579814542854461
100,MMD2,contamination,0.3,4.714088525113939,0.18108466802038622,0.9996,0.0008432740427115734,0.1149065376977338
100,MMD2,contamination,0.4,8.175312374388906,0.28005664889750204,1.0,0.0,0.19927996613082977
100,MMD2,contamination,0.5,12.602450035643121,0.38153079588906624,1.0,0.0,0.307214237831028
100,MMD2,contamination,0.6,18.046521245648034,0.6488045324973635,1.0,0.0,0.43985478780446624
100,MMD2,contamination,0.8,31.875216899308974,1.111325469666208,1.0,0.0,0.7768994719603082
100,MMD2,contamination,1.0,49.588520143400004,1.667369825928514,1.0,0.0,1.2086662752197967
100,MMD2,location,0.0,0.26142011552749367,0.014488794439367883,0.0479,0.009711962840858806,0.006370205162723852
100,MMD2,location,0.05,0.2706100289750642,0.01848985672798028,0.0615,0.01464581851587681,0.006592412865126418
100,MMD2,location,0.1,0.3168614015033805,0.010227124657296676,0.0908,0.016416793569729478,0.007727408927167334
100,MMD2,location,0.2,0.5069453975575818,0.043549831230765015,0.2299,0.027032696252254726,0.012346364009435529
100,MMD2,location,0.3,0.8797980316552435,0.04251227810290324,0.44089999999999996,0.02338304228851899,0.021445820602574283
100,MMD2,location,0.4,1.4320461483608693,0.06970154133659713,0.6826,0.03223593577912008,0.03489337164000454
100,MMD2,location,0.5,2.08798458022705,0.08409643298074056,0.8629,0.013486206945534308,0.050904649121881716
100,MMD2,location,0.6,2.96221273099877,0.1436209518354086,0.9625,0.00753141568513001,0.0722069572845346
100,MMD2,location,0.8,4.96859690078842,0.19564884653774445,0.9987999999999999,0.0013984117975602002,0.12111129094244488
100,MMD2,location,1.0,7.484068293247307,0.2779663279443802,1.0,0.0,0.18241048008350758
100,MMD2,scale,0.0,0.2623915117430938,0.022404514545084794,0.044,0.010624918300339485,0.006391013511608501
100,MMD2,scale,0.05,0.28741304873353674,0.012072082928969214,0.059899999999999995,0.010629623177182196,0.007007014677833512
100,MMD2,scale,0.1,0.3406427938146116,0.01645154973475544,0.0804,0.01463025783930155,0.00830156073714774
100,MMD2,scale,0.2,0.558166628964045,0.04118909513937687,0.2015,0.01690003287307783,0.013617314536656405
100,MMD2,scale,0.3,0.8581053199800481,0.06096721185903246,0.4166,0.03403331700946394,0.02089904746124115
100,MMD2,scale,0.4,1.258084722956189,0.05381927992205609,0.6369,0.023797525548304888,0.030670857862609386
100,MMD2,scale,0.5,1.6835049183316166,0.07228809225204375,0.8139,0.013698742845807238,0.04104240129122067
100,MMD2,scale,0.6,2.1650037742051267,0.09227647507806518,0.9279,0.008799621203968539,0.05277218032429065
100,MMD2,scale,0.8,3.1562890855493353,0.13649930599241325,0.9914,0.0023190036174568036,0.0769120500902137
100,MMD2,scale,1.0,4.175474051661171,0.1705128487040287,0.9994999999999999,0.0008498365855988228,0.10176681429070197
100,TV,contamination,0.0,0.7896080995403393,0.01313417631187686,0.0377,0.007149980574954187,0.2835
100,TV,contamination,0.05,0.8355167221429707,0.009184908490899823,0.0858,0.012380989010934826,0.30000000000000004
100,TV,contamination,0.1,0.8981673006815661,0.013607692126861576,0.18660000000000002,0.01818546428087859,0.3225
100,TV,contamination,0.2,1.0305634807417978,0.015781925551016974,0.5674,0.034409946882325244,0.37
100,TV,contamination,0.3,1.1767732604216201,0.013802566444242992,0.9165000000000001,0.010102254973794486,0.42250000000000004
100,TV,contamination,0.4,1.3508361071485182,0.015277325991858747,0.9948,0.004341018825626615,0.48500000000000004
100,TV,contamination,0.5,1.5346964653669364,0.014935550301608105,1.0,0.0,0.551
100,TV,contamination,0.6,1.7463346013631322,0.014008440799103971,1.0,0.0,0.627
100,TV,contamination,0.8,2.200392296718973,0.018808760373723827,1.0,0.0,0.79
100,TV,contamination,1.0,2.701747503566334,0.023094300712040598,1.0,0.0,0.97
100,TV,location,0.0,0.8021080995403393,0.00880405400731179,0.0431,0.007978443178688156,0.288
100,TV,location,0.05,0.796477254715486,0.014757400588148364,0.0438,0.007627435858647241,0.28600000000000003
100,TV,location,0.1,0.8048858773181171,0.0021177085297526188,0.046799999999999994,0.007435649863252634,0.28900000000000003
100,TV,location,0.2,0.817461166587415,0.013195112640537512,0.0625,0.014493293468206445,0.2935
100,TV,location,0.3,0.8467031225233794,0.01417772035291759,0.099,0.015726834816113935,0.304
100,TV,location,0.4,0.8884450784593438,0.0014034518066998742,0.1702,0.01716456297789788,0.319
100,TV,location,0.5,0.9274845458868285,0.01399145188626228,0.26480000000000004,0.025284162807751597,0.333
100,TV,location,0.6,0.9747820573783486,0.008887114746389453,0.4095,0.012903487900563936,0.35
100,TV,location,0.8,1.1113449041052466,0.01365452386596051,0.7599,0.018657438194993468,0.399
100,TV,location,1.0,1.2533127278491045,0.008758998155107106,0.9635999999999999,0.006979334575094607,0.45
100,TV,scale,0.0,0.7993303217625616,0.011549513760514036,0.047799999999999995,0.012523755205386459,0.28700000000000003
100,TV,scale,0.05,0.8048858773181171,0.0021177085297526548,0.0501,0.008517302650748324,0.28900000000000003
100,TV,scale,0.1,0.8188500554763039,0.014125238015943588,0.0608,0.010881176406988356,0.294
100,TV,scale,0.2,0.8578142336344905,0.00875504538377086,0.1032,0.010507140429250956,0.308
100,TV,scale,0.3,0.8940759232841973,0.010969672460429677,0.1876,0.009082339395160748,0.321
100,TV,scale,0.4,0.9470042796005707,0.008094909527931772,0.29660000000000003,0.021188046944759523,0.33999999999999997
100,TV,scale,0.5,0.9970795688698686,0.008745479824883282,0.44480000000000003,0.015440207252495031,0.358
100,TV,scale,0.6,1.0333412585195754,0.011728862116841588,0.5849,0.02035490658839343,0.371
100,TV,scale,0.8,1.1349560152163578,0.009517802827738155,0.8378,0.019469634476966067,0.40750000000000003
100,TV,scale,1.0,1.2255349500713268,0.010475765271441102,0.9549999999999998,0.007902179727419804,0.44000000000000006
100,W1,contamination,0.0,0.543065822921016,0.013970019631071336,0.0502,0.012236557250032924,0.1627657937085681
100,W1,contamination,0.05,0.7865045382490008,0.01438793890737849,0.2433,0.030419474756222285,0.2357492809206272
100,W1,contamination,0.1,1.1684975498042736,0.03764026354154553,0.6675,0.03952847075210472,0.35014795521576164
100,W1,contamination,0.2,2.0908498803410636,0.038876868537553386,0.9919,0.002923088169119177,0.6266768902875244
100,W1,contamination,0.3,3.05741740010697,0.047712185064622575,1.0,0.0,0.9164113703606576
100,W1,contamination,0.4,4.069171427836156,0.09819823130733493,1.0,0.0,1.2194368367659758
100,W1,contamination,0.5,5.012739118411011,0.09037393034675524,1.0,0.0,1.5023857248738697
100,W1,contamination,0.6,6.008352566344068,0.13474356764313533,1.0,0.0,1.8006073840768964
100,W1,contamination,0.8,8.018290300891724,0.1572314476648513,1.0,0.0,2.403081718546861
100,W1,contamination,1.0,10.013583964038132,0.20487046513349227,1.0,0.0,3.0010211273312732
100,W1,location,0.0,0.5460592466415874,0.01475298255938704,0.0495,0.011443095929181248,0.1636608529835549
100,W1,location,0.05,0.5566788624825509,0.013104566197731544,0.0606,0.014237665226823923,0.1668375253539301
100,W1,location,0.1,0.6043806664212731,0.018531475019459676,0.10500000000000001,0.021913973218524806,0.18112287682587463
100,W1,location,0.2,0.7631786095144321,0.02806729828774506,0.2752,0.026984769366770182,0.2287202646758882
100,W1,location,0.3,1.055399466657585,0.03942224213596801,0.5448000000000001,0.031001075250169405,0.3162351692246911
100,W1,location,0.4,1.3593967020432882,0.03827575322432933,0.7844,0.026596574549700533,0.4073717589404833
100,W1,location,0.5,1.678604158274198,0.032837922880380344,0.9345000000000001,0.014630637564903131,0.5031199785866263
100,W1,location,0.6,2.014739316032818,0.03902209780457628,0.9863,0.0038887301554906693,0.6038535548049304
100,W1,location,0.8,2.6634474057973287,0.0646798415151924,1.0,0.0,0.7981771009014895
100,W1,location,1.0,3.334819580610786,0.06330754806379951,1.0,0.0,0.999478129943858
100,W1,scale,0.0,0.5489159776310728,0.015926213645250025,0.0523,0.0077179444586409586,0.1645144881823165
100,W1,scale,0.05,0.5718665791382991,0.019849778907509722,0.066,0.01087300428686673,0.17138864855120958
100,W1,scale,0.1,0.6307233346939223,0.022994806756782428,0.0869,0.01605857334191857,0.1890054252209074
100,W1,scale,0.2,0.770071564454583,0.01588741036715237,0.2166,0.02381502793522517,0.2308181071422432
100,W1,scale,0.3,0.9852423339618239,0.026988986462442792,0.48129999999999995,0.03487772291242012,0.29527659548090934
100,W1,scale,0.4,1.2140572224467991,0.03463061124967698,0.7466,0.04238500783164831,0.3638271158034379
100,W1,scale,0.5,1.4491550448625405,0.03100567991711247,0.9085000000000001,0.013898441159592935,0.43430667159883063
100,W1,scale,0.6,1.7021577594741628,0.03971149984076984,0.9765,0.008154753215150051,0.5101198490404919
100,W1,scale,0.8,2.219661188034689,0.039634916058512375,0.9994,0.0009660917830793023,0.6652701551349737
100,W1,scale,1.0,2.737016222431328,0.05423530031456421,1.0,0.0,0.8202896689461949
