seed,sample_size,measure,B,threshold,calibration_mean,calibration_median,calibration_sd,mmd_bandwidth
20260829,50,JS,2000,0.231322774359572,0.1632255521192683,0.16062506144447508,0.037764609618968055,0.9499056426010002
20260829,50,TV,2000,0.5,0.38630999999999993,0.38,0.06246546940057136,0.9499056426010002
20260829,50,W1,2000,0.41466460004842337,0.2456913469306991,0.22718016146737952,0.09136006162274189,0.9499056426010002
20260829,50,MMD2,2000,0.05092318642761173,0.01781798209500417,0.013077036745896553,0.015749494991040308,0.9499056426010002
20260829,100,JS,2000,0.1227508062824609,0.08796027999391688,0.08627138278395613,0.020103588636109816,0.9499056426010002
20260829,100,TV,2000,0.36,0.28631500000000004,0.28,0.042564969908736754,0.9499056426010002
20260829,100,W1,2000,0.28877164998973975,0.17406151681665374,0.16377257683633456,0.06137921847325622,0.9499056426010002
20260829,100,MMD2,2000,0.023702896367549995,0.008659872871120857,0.006308460060161614,0.007943303620540238,0.9499056426010002
20260829,250,JS,2000,0.05406403915990664,0.03832767061427238,0.037680706998054564,0.008760384800998047,0.9499056426010002
20260829,250,TV,2000,0.23199999999999998,0.18519000000000005,0.184,0.02663025507280434,0.9499056426010002
20260829,250,W1,2000,0.19468159652002615,0.11405836228017631,0.10569274460059588,0.040468580910502636,0.9499056426010002
20260829,250,MMD2,2000,0.009506555717963038,0.0034517115472506134,0.0025251787041739027,0.003055958520630875,0.9499056426010002
20260830,50,JS,1000,0.2295967189034301,0.16319295610388568,0.16204314847997953,0.038053213085558535,0.9715884513892648
20260830,50,TV,1000,0.5,0.39052,0.38,0.06084267771417882,0.9715884513892648
20260830,50,W1,1000,0.4182758175259234,0.2445540990690131,0.2223315379476023,0.09240901661818988,0.9715884513892648
20260830,50,MMD2,1000,0.05066077828794357,0.017690745573082024,0.012632124668962241,0.016354585873677066,0.9715884513892648
20260830,100,JS,1000,0.1223417625372361,0.08808372007445829,0.08680013017064425,0.019895924243628436,0.9715884513892648
20260830,100,TV,1000,0.36,0.28944,0.29000000000000004,0.04259225869216729,0.9715884513892648
20260830,100,W1,1000,0.2920897755820999,0.17676337866707667,0.16479664033546604,0.06314440446527021,0.9715884513892648
20260830,100,MMD2,1000,0.02461801997859122,0.008845660512725161,0.006435883503780104,0.007982293603076633,0.9715884513892648
20260830,250,JS,1000,0.05428477971102271,0.039051812731121294,0.038477160292740495,0.008668679275868153,0.9715884513892648
20260830,250,TV,1000,0.23600000000000002,0.19011200000000003,0.188,0.026707840885492124,0.9715884513892648
20260830,250,W1,1000,0.1930273832849405,0.11273923981079918,0.10469727410185997,0.041786133783412886,0.9715884513892648
20260830,250,MMD2,1000,0.009952370516099355,0.0034980281316051086,0.0026082616013501925,0.0030838546243122794,0.9715884513892648
20260831,50,JS,1000,0.2305647751939316,0.16083528124299626,0.1595228867053552,0.03955338465987143,0.9596183184011484
20260831,50,TV,1000,0.48000000000000004,0.38482,0.38,0.061671476153656084,0.9596183184011484
20260831,50,W1,1000,0.41531692640551215,0.2449518773867663,0.2274195469437687,0.08897919138441268,0.9596183184011484
20260831,50,MMD2,1000,0.050100778133490814,0.018121874101698233,0.012971453807715472,0.015942413152022345,0.9596183184011484
20260831,100,JS,1000,0.12431363735146134,0.08836185322850103,0.08726982325327982,0.02081787844559938,0.9596183184011484
20260831,100,TV,1000,0.36,0.28531999999999996,0.29,0.04370363380323892,0.9596183184011484
20260831,100,W1,1000,0.2981193515741654,0.17596444735362804,0.16409959972000798,0.06313436718541762,0.9596183184011484
20260831,100,MMD2,1000,0.022855097528743727,0.008325260947546874,0.006042864421087368,0.00733748563918717,0.9596183184011484
20260831,250,JS,1000,0.05283892402247323,0.03859381570756949,0.038083179055905074,0.008438257419643573,0.9596183184011484
20260831,250,TV,1000,0.232,0.18658400000000003,0.184,0.026986278053914795,0.9596183184011484
20260831,250,W1,1000,0.18869229220880931,0.11465368646806481,0.10785986606468081,0.0401721201953345,0.9596183184011484
20260831,250,MMD2,1000,0.009831457518273577,0.0033962838694440584,0.002364612082362383,0.0032947642680134894,0.9596183184011484
20260832,50,JS,1000,0.22781346309199918,0.16245053340722973,0.16044319328859333,0.0371789916549831,0.9414812376922175
20260832,50,TV,1000,0.5,0.39092,0.39999999999999997,0.061681100494058616,0.9414812376922175
20260832,50,W1,1000,0.4172625693581597,0.2434140469976843,0.22675608016887497,0.08939349176874267,0.9414812376922175
20260832,50,MMD2,1000,0.04876163566962352,0.017791082010192163,0.013456163049841874,0.015493228922523404,0.9414812376922175
20260832,100,JS,1000,0.12454735805685709,0.0878647216478465,0.08600741437389736,0.020694683366425437,0.9414812376922175
20260832,100,TV,1000,0.36,0.28658000000000006,0.29,0.04221712787348147,0.9414812376922175
20260832,100,W1,1000,0.3028881130397449,0.1808641555484051,0.1690018652082682,0.06561962337593075,0.9414812376922175
20260832,100,MMD2,1000,0.025357083153307765,0.009282167197717484,0.006883852757458064,0.008486762103307737,0.9414812376922175
20260832,250,JS,1000,0.05281813342812594,0.038112345730591995,0.037392052351675774,0.008234694216504843,0.9414812376922175
20260832,250,TV,1000,0.232,0.18671200000000002,0.188,0.027172475032639178,0.9414812376922175
20260832,250,W1,1000,0.19005582178572922,0.11272656559036863,0.103934373924115,0.039586799085045074,0.9414812376922175
20260832,250,MMD2,1000,0.009575547783438476,0.00358295997013169,0.002663925738752071,0.0031322130165332834,0.9414812376922175
20260833,50,JS,1000,0.23667332854439896,0.16509736674395006,0.16211942198959317,0.04002685529751006,0.9521896987214788
20260833,50,TV,1000,0.5,0.3906,0.38,0.06220859996744751,0.9521896987214788
20260833,50,W1,1000,0.42286507707606696,0.24713602836155518,0.2247761352657357,0.09827134740066781,0.9521896987214788
20260833,50,MMD2,1000,0.04849560102140797,0.017692884343954322,0.012947972931675378,0.0157523059372724,0.9521896987214788
20260833,100,JS,1000,0.12467175806333607,0.08797337725953032,0.08605093535295813,0.020039620869209445,0.9521896987214788
20260833,100,TV,1000,0.36,0.28842,0.29,0.042387501699207276,0.9521896987214788
20260833,100,W1,1000,0.3081305518197453,0.17546954927717018,0.1607771169136053,0.06497742458980589,0.9521896987214788
20260833,100,MMD2,1000,0.024468090165176187,0.00892615423177311,0.006600910008691119,0.007670058010891622,0.9521896987214788
20260833,250,JS,1000,0.05348967716361828,0.03836939843176687,0.03778122129260194,0.008638255911154321,0.9521896987214788
20260833,250,TV,1000,0.232,0.18598800000000001,0.184,0.025823917803670514,0.9521896987214788
20260833,250,W1,1000,0.18999031686432796,0.11182172466204508,0.10367032113167798,0.04023413468548779,0.9521896987214788
20260833,250,MMD2,1000,0.009395517334711109,0.0035373960009092748,0.0026090678427779235,0.0031600514805441905,0.9521896987214788
20260834,50,JS,1000,0.23023507516058156,0.1626684322101555,0.15944344334941013,0.03882524088556114,0.9571662289577749
20260834,50,TV,1000,0.48000000000000004,0.3845,0.38,0.0591036652268135,0.9571662289577749
20260834,50,W1,1000,0.42263525455988404,0.24591792066860535,0.22724856457414438,0.09118913875413674,0.9571662289577749
20260834,50,MMD2,1000,0.04793349000724461,0.01747443081660583,0.01289966526084907,0.015750427998913793,0.9571662289577749
20260834,100,JS,1000,0.12470005769042179,0.08885292005622558,0.08716260703715648,0.020265704734734335,0.9571662289577749
20260834,100,TV,1000,0.36,0.28801,0.29,0.04183886220238775,0.9571662289577749
20260834,100,W1,1000,0.2996633551585029,0.1741391014777966,0.1587093605931053,0.06403777110425031,0.9571662289577749
20260834,100,MMD2,1000,0.023954716551407882,0.008585754488630507,0.00663855079673259,0.007661637571165247,0.9571662289577749
20260834,250,JS,1000,0.05200553289256207,0.03767365603426957,0.036977715508824005,0.008136958616702683,0.9571662289577749
20260834,250,TV,1000,0.236,0.185776,0.184,0.027637250978374127,0.9571662289577749
20260834,250,W1,1000,0.1855942490921511,0.11177789408958436,0.10402266567179949,0.038706593526769494,0.9571662289577749
20260834,250,MMD2,1000,0.00986451610283251,0.00369477306102519,0.002786680164392874,0.0032560547198544226,0.9571662289577749
20260835,50,JS,1000,0.2244137841978776,0.15846095444383818,0.15608952419053188,0.03704891289437776,0.9670762654978572
20260835,50,TV,1000,0.5,0.38795999999999997,0.38,0.0618746059936293,0.9670762654978572
20260835,50,W1,1000,0.4180314180426803,0.2465524537847287,0.2275967597969304,0.08971221212431961,0.9670762654978572
20260835,50,MMD2,1000,0.047499323695842276,0.018204616045417437,0.013913076991425077,0.015893920452169127,0.9670762654978572
20260835,100,JS,1000,0.11951627615120758,0.08508698170565594,0.08275217679550192,0.019777440766141498,0.9670762654978572
20260835,100,TV,1000,0.3504999999999996,0.28235000000000005,0.28,0.04165708598561369,0.9670762654978572
20260835,100,W1,1000,0.30234966238915484,0.17799543242132568,0.16612535056658395,0.0634838863855706,0.9670762654978572
20260835,100,MMD2,1000,0.024607682842106463,0.008808355896700119,0.0062111951076191385,0.00823853760615094,0.9670762654978572
20260835,250,JS,1000,0.05238828540596938,0.03751434109073675,0.03707087129494481,0.008603175473137183,0.9670762654978572
20260835,250,TV,1000,0.228,0.18200000000000002,0.18,0.02605176951177587,0.9670762654978572
20260835,250,W1,1000,0.1993803737824735,0.11426589093627047,0.10469928351124734,0.042060011093687934,0.9670762654978572
20260835,250,MMD2,1000,0.009571455106363473,0.003387979860296021,0.002570572262345916,0.003000225588852228,0.9670762654978572
20260836,50,JS,1000,0.22583138199205147,0.16458658289241623,0.1629822360332029,0.03751237046219476,0.9504961924207631
20260836,50,TV,1000,0.5,0.39146000000000003,0.38,0.06041123999652646,0.9504961924207631
20260836,50,W1,1000,0.4324310755386365,0.25134298895439283,0.23320666848754285,0.09389900989663748,0.9504961924207631
20260836,50,MMD2,1000,0.04943327124136488,0.01722833595183976,0.012869115251923025,0.015459612423329447,0.9504961924207631
20260836,100,JS,1000,0.1261895894695612,0.08895062639493713,0.08734076436787333,0.020740639573769398,0.9504961924207631
20260836,100,TV,1000,0.36000000000000004,0.29014999999999996,0.29000000000000004,0.04358184113684135,0.9504961924207631
20260836,100,W1,1000,0.2998321471437871,0.17585718210703008,0.16315278630908572,0.06240503231602402,0.9504961924207631
20260836,100,MMD2,1000,0.023933583463778357,0.008396574975844165,0.005871733164143356,0.007914430040657339,0.9504961924207631
20260836,250,JS,1000,0.054035835080938815,0.03922011447783964,0.03859880082450275,0.00845654354051343,0.9504961924207631
20260836,250,TV,1000,0.236,0.187776,0.188,0.026433474091623912,0.9504961924207631
20260836,250,W1,1000,0.18343482167658573,0.11151478872579804,0.10356276728735728,0.03791370735308695,0.9504961924207631
20260836,250,MMD2,1000,0.010065471469703366,0.0036981414987746052,0.0027250635679262336,0.0031886489068564403,0.9504961924207631
20260837,50,JS,1000,0.22419048069429645,0.16155180608955425,0.15892607107652112,0.03754063906339257,0.9330130437967208
20260837,50,TV,1000,0.48000000000000004,0.38866,0.38,0.059411565659677194,0.9330130437967208
20260837,50,W1,1000,0.41858668946275557,0.2446676913893767,0.23187993740777332,0.0888487593470992,0.9330130437967208
20260837,50,MMD2,1000,0.046288088534592146,0.017567404302124816,0.013159347929065146,0.015177547185520696,0.9330130437967208
20260837,100,JS,1000,0.12414834205749055,0.08862314453269021,0.0880572424723289,0.02034470447912913,0.9330130437967208
20260837,100,TV,1000,0.36,0.28949,0.29000000000000004,0.0437784930811518,0.9330130437967208
20260837,100,W1,1000,0.29956622893694285,0.1772653303191541,0.16564301618979665,0.06408519887931592,0.9330130437967208
20260837,100,MMD2,1000,0.024998624191737418,0.008963446329383309,0.006485059701198226,0.007853706209736378,0.9330130437967208
20260837,250,JS,1000,0.054231929862765406,0.03875438192030235,0.03792703917369917,0.008523164723734582,0.9330130437967208
20260837,250,TV,1000,0.23199999999999998,0.18747600000000003,0.188,0.026016038481257258,0.9330130437967208
20260837,250,W1,1000,0.18117527370069209,0.1120242161528501,0.10547367199067184,0.037793609429295334,0.9330130437967208
20260837,250,MMD2,1000,0.009611309184612867,0.0035802356030716293,0.0025740498488882047,0.0031828152064753506,0.9330130437967208
20260838,50,JS,1000,0.2327487963875053,0.15867099507950855,0.1540898902270041,0.03877343709114292,0.9757362031791389
20260838,50,TV,1000,0.48099999999999915,0.38776,0.38,0.06040058468782095,0.9757362031791389
20260838,50,W1,1000,0.43294515141266,0.24956316048018026,0.2345275971105599,0.09323137169939504,0.9757362031791389
20260838,50,MMD2,1000,0.047139082672522765,0.01764784615745402,0.013205929831093366,0.01585366189084789,0.9757362031791389
20260838,100,JS,1000,0.12529902114902133,0.0877276031885663,0.08594167784174042,0.02075115678859871,0.9757362031791389
20260838,100,TV,1000,0.36,0.28596000000000005,0.29,0.041754303033601475,0.9757362031791389
20260838,100,W1,1000,0.30662079738229486,0.18029028758738208,0.16884220560840568,0.06450899275195568,0.9757362031791389
20260838,100,MMD2,1000,0.025485005393088626,0.009147531676930718,0.0065843635642571785,0.008341058967147081,0.9757362031791389
20260838,250,JS,1000,0.05223746667566055,0.03812841250746613,0.03797514559673675,0.008237433065758462,0.9757362031791389
20260838,250,TV,1000,0.228,0.18586400000000006,0.184,0.026574870229743888,0.9757362031791389
20260838,250,W1,1000,0.20037610310956402,0.11571153166013402,0.10413168963382369,0.042100634719466866,0.9757362031791389
20260838,250,MMD2,1000,0.009557178006039828,0.0034985167410728347,0.0026337246015064597,0.0030638174976445128,0.9757362031791389
