degree,regime,d,mean_pair_max_error,min_pair_max_error,max_pair_max_error,mean_prediction_difference,bound_satisfaction_rate
1,observational_loss,0.1,0.10315107349926533,0.1021340288102011,0.10415786922216944,0.0,1.0
1,observational_loss,0.25,0.2531510734992653,0.2521340288102011,0.25415786922216943,0.0,1.0
1,observational_loss,0.5,0.5031510734992654,0.5021340288102011,0.5041578692221694,0.0,1.0
1,observational_loss,0.75,0.7531510734992652,0.7521340288102011,0.7541578692221694,0.0,1.0
1,observational_loss,1.0,1.0031510734992652,1.0021340288102012,1.0041578692221695,0.0,1.0
1,preserved,0.1,1.2531642390456454e-16,4.163336342344337e-17,2.0816681711721685e-16,0.2000000000000001,0.0
1,preserved,0.25,1.9395596240201486e-16,1.1102230246251565e-16,2.7755575615628914e-16,0.5000000000000002,0.0
1,preserved,0.5,2.9887203822909216e-16,2.220446049250313e-16,4.440892098500626e-16,1.0000000000000004,0.0
1,preserved,0.75,4.098943406916078e-16,3.3306690738754696e-16,5.551115123125783e-16,1.5000000000000007,0.0
1,preserved,1.0,5.186961971048731e-16,4.440892098500626e-16,6.661338147750939e-16,2.000000000000001,0.0
1,representational_loss,0.1,0.10315107349926533,0.1021340288102011,0.10415786922216944,0.0,1.0
1,representational_loss,0.25,0.2531510734992653,0.2521340288102011,0.25415786922216943,0.0,1.0
1,representational_loss,0.5,0.5031510734992654,0.5021340288102011,0.5041578692221694,0.0,1.0
1,representational_loss,0.75,0.7531510734992652,0.7521340288102011,0.7541578692221694,0.0,1.0
1,representational_loss,1.0,1.0031510734992652,1.0021340288102012,1.0041578692221695,0.0,1.0
2,observational_loss,0.1,0.11603625876184699,0.10023154428814186,0.13761528560054556,0.0,1.0
2,observational_loss,0.25,0.26603625876184694,0.25023154428814187,0.28761528560054556,0.0,1.0
2,observational_loss,0.5,0.516036258761847,0.5002315442881419,0.5376152856005456,0.0,1.0
2,observational_loss,0.75,0.766036258761847,0.7502315442881419,0.7876152856005456,0.0,1.0
2,observational_loss,1.0,1.016036258761847,1.0002315442881418,1.0376152856005456,0.0,1.0
2,preserved,0.1,1.491862189340054e-16,1.3877787807814457e-17,2.498001805406602e-16,0.19999999999999998,0.0
2,preserved,0.25,1.588729148238599e-16,2.7755575615628914e-17,2.7755575615628914e-16,0.49999999999999994,0.0
2,preserved,0.5,1.6919798895287386e-16,5.551115123125783e-17,3.3306690738754696e-16,0.9999999999999999,0.0
2,preserved,0.75,2.3980817331903383e-16,1.1102230246251565e-16,4.440892098500626e-16,1.4999999999999998,0.0
2,preserved,1.0,2.537969834293108e-16,1.1102230246251565e-16,4.440892098500626e-16,1.9999999999999998,0.0
2,representational_loss,0.1,0.11603625876184699,0.10023154428814186,0.13761528560054556,0.0,1.0
2,representational_loss,0.25,0.26603625876184694,0.25023154428814187,0.28761528560054556,0.0,1.0
2,representational_loss,0.5,0.516036258761847,0.5002315442881419,0.5376152856005456,0.0,1.0
2,representational_loss,0.75,0.766036258761847,0.7502315442881419,0.7876152856005456,0.0,1.0
2,representational_loss,1.0,1.016036258761847,1.0002315442881418,1.0376152856005456,0.0,1.0
3,observational_loss,0.1,0.11763761135767085,0.1000648026497863,0.17106166505982473,0.0,1.0
3,observational_loss,0.25,0.26763761135767083,0.2500648026497863,0.3210616650598247,0.0,1.0
3,observational_loss,0.5,0.5176376113576708,0.5000648026497863,0.5710616650598247,0.0,1.0
3,observational_loss,0.75,0.7676376113576708,0.7500648026497863,0.8210616650598247,0.0,1.0
3,observational_loss,1.0,1.0176376113576708,1.0000648026497863,1.0710616650598248,0.0,1.0
3,preserved,0.1,5.007660952571769e-16,1.249000902703301e-16,9.992007221626409e-16,0.20000000000000023,0.0
3,preserved,0.25,6.422640197456531e-16,2.7755575615628914e-16,1.0547118733938987e-15,0.5000000000000006,0.0
3,preserved,0.5,8.15347789284715e-16,4.440892098500626e-16,1.4432899320127035e-15,1.0000000000000009,0.0
3,preserved,0.75,8.648637361829969e-16,3.3306690738754696e-16,1.887379141862766e-15,1.5000000000000009,0.0
3,preserved,1.0,1.0160761121369432e-15,2.220446049250313e-16,2.4424906541753444e-15,2.000000000000001,0.0
3,representational_loss,0.1,0.11763761135767085,0.1000648026497863,0.17106166505982473,0.0,1.0
3,representational_loss,0.25,0.26763761135767083,0.2500648026497863,0.3210616650598247,0.0,1.0
3,representational_loss,0.5,0.5176376113576708,0.5000648026497863,0.5710616650598247,0.0,1.0
3,representational_loss,0.75,0.7676376113576708,0.7500648026497863,0.8210616650598247,0.0,1.0
3,representational_loss,1.0,1.0176376113576708,1.0000648026497863,1.0710616650598248,0.0,1.0
4,observational_loss,0.1,0.11979525324742349,0.10003269114920231,0.15123480173876042,0.0,1.0
4,observational_loss,0.25,0.2697952532474235,0.2500326911492023,0.30123480173876044,0.0,1.0
4,observational_loss,0.5,0.5197952532474235,0.5000326911492023,0.5512348017387604,0.0,1.0
4,observational_loss,0.75,0.7697952532474235,0.7500326911492023,0.8012348017387604,0.0,1.0
4,observational_loss,1.0,1.0197952532474235,1.0000326911492023,1.0512348017387605,0.0,1.0
4,preserved,0.1,4.480832371811516e-15,3.927413949611491e-15,4.760081218080359e-15,0.20000000000000034,0.0
4,preserved,0.25,4.690470234436361e-15,4.052314039881821e-15,5.051514762044462e-15,0.5000000000000008,0.0
4,preserved,0.5,4.952038779038048e-15,4.218847493575595e-15,5.329070518200751e-15,1.0000000000000016,0.0
4,preserved,0.75,5.24780219279819e-15,4.440892098500626e-15,5.662137425588298e-15,1.5000000000000022,0.0
4,preserved,1.0,5.855316231873076e-15,4.884981308350689e-15,6.217248937900877e-15,2.000000000000003,0.0
4,representational_loss,0.1,0.11979525324742349,0.10003269114920231,0.15123480173876042,0.0,1.0
4,representational_loss,0.25,0.2697952532474235,0.2500326911492023,0.30123480173876044,0.0,1.0
4,representational_loss,0.5,0.5197952532474235,0.5000326911492023,0.5512348017387604,0.0,1.0
4,representational_loss,0.75,0.7697952532474235,0.7500326911492023,0.8012348017387604,0.0,1.0
4,representational_loss,1.0,1.0197952532474235,1.0000326911492023,1.0512348017387605,0.0,1.0
5,observational_loss,0.1,0.119834166381465,0.10007362895336003,0.14045259028741347,0.0,1.0
5,observational_loss,0.25,0.269834166381465,0.25007362895336005,0.29045259028741344,0.0,1.0
5,observational_loss,0.5,0.5198341663814651,0.50007362895336,0.5404525902874134,0.0,1.0
5,observational_loss,0.75,0.7698341663814651,0.75007362895336,0.7904525902874134,0.0,1.0
5,observational_loss,1.0,1.019834166381465,1.00007362895336,1.0404525902874135,0.0,1.0
5,preserved,0.1,4.88573070889231e-15,4.524158825347513e-15,5.190292640122607e-15,0.20000000000000023,0.0
5,preserved,0.25,5.069278330438464e-15,4.773959005888173e-15,5.440092820663267e-15,0.5000000000000006,0.0
5,preserved,0.5,5.31841237716435e-15,5.10702591327572e-15,5.88418203051333e-15,1.0000000000000009,0.0
5,preserved,0.75,5.7218674243131314e-15,5.440092820663267e-15,6.5503158452884236e-15,1.5000000000000013,0.0
5,preserved,1.0,6.541878150301272e-15,6.217248937900877e-15,7.771561172376096e-15,2.000000000000002,0.0
5,representational_loss,0.1,0.119834166381465,0.10007362895336003,0.14045259028741347,0.0,1.0
5,representational_loss,0.25,0.269834166381465,0.25007362895336005,0.29045259028741344,0.0,1.0
5,representational_loss,0.5,0.5198341663814651,0.50007362895336,0.5404525902874134,0.0,1.0
5,representational_loss,0.75,0.7698341663814651,0.75007362895336,0.7904525902874134,0.0,1.0
5,representational_loss,1.0,1.019834166381465,1.00007362895336,1.0404525902874135,0.0,1.0
6,observational_loss,0.1,0.120270403833929,0.10001560498694999,0.17499222547389653,0.0,1.0
6,observational_loss,0.25,0.270270403833929,0.25001560498694997,0.3249922254738965,0.0,1.0
6,observational_loss,0.5,0.520270403833929,0.50001560498695,0.5749922254738965,0.0,1.0
6,observational_loss,0.75,0.770270403833929,0.75001560498695,0.8249922254738965,0.0,1.0
6,observational_loss,1.0,1.020270403833929,1.00001560498695,1.0749922254738966,0.0,1.0
6,preserved,0.1,3.7611858072494896e-15,2.9837243786801082e-15,4.440892098500626e-15,0.20000000000000012,0.0
6,preserved,0.25,4.0242809085100364e-15,3.2751579226442118e-15,4.6629367034256575e-15,0.5000000000000002,0.0
6,preserved,0.5,4.445555035204052e-15,3.885780586188048e-15,4.9960036108132044e-15,1.0000000000000004,0.0
6,preserved,0.75,4.554356891617317e-15,4.107825191113079e-15,5.10702591327572e-15,1.5000000000000007,0.0
6,preserved,1.0,6.1461946643248665e-15,5.329070518200751e-15,6.8833827526759706e-15,2.000000000000001,0.0
6,representational_loss,0.1,0.120270403833929,0.10001560498694999,0.17499222547389653,0.0,1.0
6,representational_loss,0.25,0.270270403833929,0.25001560498694997,0.3249922254738965,0.0,1.0
6,representational_loss,0.5,0.520270403833929,0.50001560498695,0.5749922254738965,0.0,1.0
6,representational_loss,0.75,0.770270403833929,0.75001560498695,0.8249922254738965,0.0,1.0
6,representational_loss,1.0,1.020270403833929,1.00001560498695,1.0749922254738966,0.0,1.0
7,observational_loss,0.1,0.12063750005235166,0.1000119898453328,0.16839381511192608,0.0,1.0
7,observational_loss,0.25,0.27063750005235165,0.2500119898453328,0.3183938151119261,0.0,1.0
7,observational_loss,0.5,0.5206375000523517,0.5000119898453328,0.5683938151119261,0.0,1.0
7,observational_loss,0.75,0.7706375000523517,0.7500119898453328,0.8183938151119261,0.0,1.0
7,observational_loss,1.0,1.0206375000523518,1.0000119898453328,1.068393815111926,0.0,1.0
7,preserved,0.1,5.432543304095816e-15,4.704570066849101e-15,6.300515664747763e-15,0.19999999999999993,0.0
7,preserved,0.25,5.365485833408457e-15,4.6074255521944e-15,6.300515664747763e-15,0.49999999999999983,0.0
7,preserved,0.5,5.342615239101178e-15,4.440892098500626e-15,6.5503158452884236e-15,0.9999999999999996,0.0
7,preserved,0.75,5.843991957021899e-15,4.884981308350689e-15,6.994405055138486e-15,1.4999999999999991,0.0
7,preserved,1.0,6.109779349117161e-15,5.551115123125783e-15,7.105427357601002e-15,2.0000000000000018,0.0
7,representational_loss,0.1,0.12063750005235166,0.1000119898453328,0.16839381511192608,0.0,1.0
7,representational_loss,0.25,0.27063750005235165,0.2500119898453328,0.3183938151119261,0.0,1.0
7,representational_loss,0.5,0.5206375000523517,0.5000119898453328,0.5683938151119261,0.0,1.0
7,representational_loss,0.75,0.7706375000523517,0.7500119898453328,0.8183938151119261,0.0,1.0
7,representational_loss,1.0,1.0206375000523518,1.0000119898453328,1.068393815111926,0.0,1.0
8,observational_loss,0.1,0.12206769657739457,0.10001787386968419,0.1966041643907801,0.0,1.0
8,observational_loss,0.25,0.27206769657739455,0.2500178738696842,0.3466041643907801,0.0,1.0
8,observational_loss,0.5,0.5220676965773946,0.5000178738696842,0.5966041643907801,0.0,1.0
8,observational_loss,0.75,0.7720676965773946,0.7500178738696842,0.8466041643907801,0.0,1.0
8,observational_loss,1.0,1.0220676965773945,1.000017873869684,1.09660416439078,0.0,1.0
8,preserved,0.1,4.925782004505663e-15,2.5673907444456745e-15,6.2450045135165055e-15,0.2000000000000001,0.0
8,preserved,0.25,4.603428749305749e-15,2.8033131371785203e-15,6.716849298982197e-15,0.49999999999999994,0.0
8,preserved,0.5,3.459232900127063e-15,7.771561172376096e-16,7.216449660063518e-15,0.9999999999999997,0.0
8,preserved,0.75,5.1025850211772196e-15,7.771561172376096e-16,1.0547118733938987e-14,1.500000000000003,0.0
8,preserved,1.0,8.804956763697192e-15,4.218847493575595e-15,3.319566843629218e-14,1.9999999999999956,0.0
8,representational_loss,0.1,0.12206769657739457,0.10001787386968419,0.1966041643907801,0.0,1.0
8,representational_loss,0.25,0.27206769657739455,0.2500178738696842,0.3466041643907801,0.0,1.0
8,representational_loss,0.5,0.5220676965773946,0.5000178738696842,0.5966041643907801,0.0,1.0
8,representational_loss,0.75,0.7720676965773946,0.7500178738696842,0.8466041643907801,0.0,1.0
8,representational_loss,1.0,1.0220676965773945,1.000017873869684,1.09660416439078,0.0,1.0
9,observational_loss,0.1,0.1214332651886484,0.10017523656233195,0.1809693197110191,0.0,1.0
9,observational_loss,0.25,0.2714332651886484,0.2501752365623319,0.3309693197110191,0.0,1.0
9,observational_loss,0.5,0.5214332651886484,0.500175236562332,0.5809693197110191,0.0,1.0
9,observational_loss,0.75,0.7714332651886484,0.750175236562332,0.8309693197110191,0.0,1.0
9,observational_loss,1.0,1.0214332651886484,1.000175236562332,1.080969319711019,0.0,1.0
9,preserved,0.1,2.0147217227872714e-15,1.0408340855860843e-15,3.316791286067655e-15,0.20000000000000043,0.0
9,preserved,0.25,2.1593837828959294e-15,1.3322676295501878e-15,2.9976021664879227e-15,0.5000000000000009,0.0
9,preserved,0.5,2.4078516958070394e-15,1.1102230246251565e-15,3.3306690738754696e-15,1.0000000000000016,0.0
9,preserved,0.75,3.121725100641015e-15,1.7763568394002505e-15,4.3298697960381105e-15,1.500000000000002,0.0
9,preserved,1.0,3.022027073029676e-15,1.5543122344752192e-15,4.884981308350689e-15,2.0000000000000027,0.0
9,representational_loss,0.1,0.1214332651886484,0.10017523656233195,0.1809693197110191,0.0,1.0
9,representational_loss,0.25,0.2714332651886484,0.2501752365623319,0.3309693197110191,0.0,1.0
9,representational_loss,0.5,0.5214332651886484,0.500175236562332,0.5809693197110191,0.0,1.0
9,representational_loss,0.75,0.7714332651886484,0.750175236562332,0.8309693197110191,0.0,1.0
9,representational_loss,1.0,1.0214332651886484,1.000175236562332,1.080969319711019,0.0,1.0
10,observational_loss,0.1,0.12280225826974178,0.10000059354696639,0.21214837624220068,0.0,1.0
10,observational_loss,0.25,0.2728022582697418,0.25000059354696635,0.3621483762422007,0.0,1.0
10,observational_loss,0.5,0.5228022582697417,0.5000005935469664,0.6121483762422006,0.0,1.0
10,observational_loss,0.75,0.7728022582697417,0.7500005935469664,0.8621483762422006,0.0,1.0
10,observational_loss,1.0,1.0228022582697418,1.0000005935469665,1.1121483762422006,0.0,1.0
10,preserved,0.1,3.075734111845918e-15,2.0539125955565396e-15,5.1209037010835345e-15,0.20000000000000032,0.0
10,preserved,0.25,3.425926209388308e-15,2.0539125955565396e-15,4.6074255521944e-15,0.5000000000000009,0.0
10,preserved,0.5,3.911759804964277e-15,2.3314683517128287e-15,4.440892098500626e-15,1.0000000000000018,0.0
10,preserved,0.75,3.86024545662167e-15,3.3306690738754696e-15,4.440892098500626e-15,1.5000000000000018,0.0
10,preserved,1.0,4.536815367828239e-15,2.886579864025407e-15,5.551115123125783e-15,2.0000000000000018,0.0
10,representational_loss,0.1,0.12280225826974178,0.10000059354696639,0.21214837624220068,0.0,1.0
10,representational_loss,0.25,0.2728022582697418,0.25000059354696635,0.3621483762422007,0.0,1.0
10,representational_loss,0.5,0.5228022582697417,0.5000005935469664,0.6121483762422006,0.0,1.0
10,representational_loss,0.75,0.7728022582697417,0.7500005935469664,0.8621483762422006,0.0,1.0
10,representational_loss,1.0,1.0228022582697418,1.0000005935469665,1.1121483762422006,0.0,1.0
11,observational_loss,0.1,0.12327259938022544,0.10006753219966597,0.2746528926116426,0.0,1.0
11,observational_loss,0.25,0.2732725993802254,0.25006753219966593,0.42465289261164263,0.0,1.0
11,observational_loss,0.5,0.5232725993802254,0.5000675321996659,0.6746528926116426,0.0,1.0
11,observational_loss,0.75,0.7732725993802254,0.7500675321996659,0.9246528926116426,0.0,1.0
11,observational_loss,1.0,1.0232725993802254,1.000067532199666,1.1746528926116426,0.0,1.0
11,preserved,0.1,3.210903765094031e-15,2.6922908347160046e-15,3.635980405647388e-15,0.20000000000000023,0.0
11,preserved,0.25,3.153310945691601e-15,2.275957200481571e-15,3.7192471324942744e-15,0.5000000000000003,0.0
11,preserved,0.5,3.3825164891254643e-15,2.4424906541753444e-15,4.163336342344337e-15,0.9999999999999999,0.0
11,preserved,0.75,3.749667243369004e-15,3.1086244689504383e-15,4.884981308350689e-15,1.500000000000001,0.0
11,preserved,1.0,4.712230605719015e-15,6.661338147750939e-16,5.773159728050814e-15,2.000000000000005,0.0
11,representational_loss,0.1,0.12327259938022544,0.10006753219966597,0.2746528926116426,0.0,1.0
11,representational_loss,0.25,0.2732725993802254,0.25006753219966593,0.42465289261164263,0.0,1.0
11,representational_loss,0.5,0.5232725993802254,0.5000675321996659,0.6746528926116426,0.0,1.0
11,representational_loss,0.75,0.7732725993802254,0.7500675321996659,0.9246528926116426,0.0,1.0
11,representational_loss,1.0,1.0232725993802254,1.000067532199666,1.1746528926116426,0.0,1.0
12,observational_loss,0.1,0.1269004666927522,0.1002641989936409,0.2222321651280343,0.0,1.0
12,observational_loss,0.25,0.2769004666927522,0.2502641989936409,0.37223216512803425,0.0,1.0
12,observational_loss,0.5,0.5269004666927521,0.5002641989936409,0.6222321651280343,0.0,1.0
12,observational_loss,0.75,0.7769004666927521,0.7502641989936409,0.8722321651280343,0.0,1.0
12,observational_loss,1.0,1.0269004666927521,1.000264198993641,1.1222321651280343,0.0,1.0
12,preserved,0.1,7.527450884836639e-15,1.915134717478395e-15,2.0608514894604468e-14,0.1999999999999996,0.0
12,preserved,0.25,6.2858607208227115e-15,1.27675647831893e-15,1.4682699500667695e-14,0.4999999999999989,0.0
12,preserved,0.5,6.316280831697441e-15,1.3877787807814457e-15,1.199040866595169e-14,1.0000000000000022,0.0
12,preserved,0.75,4.8978598954363406e-15,1.1102230246251565e-16,1.3211653993039363e-14,1.4999999999999971,0.0
12,preserved,1.0,2.0253576593631805e-14,3.774758283725532e-15,1.2967404927621828e-13,1.999999999999995,0.0
12,representational_loss,0.1,0.1269004666927522,0.1002641989936409,0.2222321651280343,0.0,1.0
12,representational_loss,0.25,0.2769004666927522,0.2502641989936409,0.37223216512803425,0.0,1.0
12,representational_loss,0.5,0.5269004666927521,0.5002641989936409,0.6222321651280343,0.0,1.0
12,representational_loss,0.75,0.7769004666927521,0.7502641989936409,0.8722321651280343,0.0,1.0
12,representational_loss,1.0,1.0269004666927521,1.000264198993641,1.1222321651280343,0.0,1.0
13,observational_loss,0.1,0.12888058554811696,0.10000872962341903,0.2945256549472234,0.0,1.0
13,observational_loss,0.25,0.2788805855481169,0.250008729623419,0.44452565494722335,0.0,1.0
13,observational_loss,0.5,0.528880585548117,0.500008729623419,0.6945256549472234,0.0,1.0
13,observational_loss,0.75,0.778880585548117,0.750008729623419,0.9445256549472234,0.0,1.0
13,observational_loss,1.0,1.028880585548117,1.000008729623419,1.1945256549472234,0.0,1.0
13,preserved,0.1,2.6553481635716024e-15,1.6514567491299204e-15,3.219646771412954e-15,0.20000000000000062,0.0
13,preserved,0.25,2.8942404028953205e-15,1.5543122344752192e-15,3.552713678800501e-15,0.500000000000001,0.0
13,preserved,0.5,3.3386626796527707e-15,1.6653345369377348e-15,3.774758283725532e-15,1.0000000000000018,0.0
13,preserved,0.75,3.4523495173743868e-15,2.55351295663786e-15,3.885780586188048e-15,1.5000000000000022,0.0
13,preserved,1.0,5.992983886926595e-15,5.551115123125783e-15,7.105427357601002e-15,2.000000000000005,0.0
13,representational_loss,0.1,0.12888058554811696,0.10000872962341903,0.2945256549472234,0.0,1.0
13,representational_loss,0.25,0.2788805855481169,0.250008729623419,0.44452565494722335,0.0,1.0
13,representational_loss,0.5,0.528880585548117,0.500008729623419,0.6945256549472234,0.0,1.0
13,representational_loss,0.75,0.778880585548117,0.750008729623419,0.9445256549472234,0.0,1.0
13,representational_loss,1.0,1.028880585548117,1.000008729623419,1.1945256549472234,0.0,1.0
14,observational_loss,0.1,0.13089279353372515,0.10010551443375787,0.23917107645319685,0.0,1.0
14,observational_loss,0.25,0.28089279353372515,0.2501055144337579,0.3891710764531968,0.0,1.0
14,observational_loss,0.5,0.5308927935337251,0.5001055144337578,0.6391710764531968,0.0,1.0
14,observational_loss,0.75,0.7808927935337251,0.7501055144337578,0.8891710764531968,0.0,1.0
14,observational_loss,1.0,1.030892793533725,1.0001055144337578,1.1391710764531968,0.0,1.0
14,preserved,0.1,3.5410840926175525e-15,2.5118795932144167e-15,4.954370247389761e-15,0.19999999999999984,0.0
14,preserved,0.25,3.459232900127063e-15,2.3592239273284576e-15,4.884981308350689e-15,0.5000000000000001,0.0
14,preserved,0.5,3.329891917758232e-15,1.7763568394002505e-15,4.9960036108132044e-15,1.0,0.0
14,preserved,0.75,3.646194457473939e-15,2.3314683517128287e-15,4.773959005888173e-15,1.5000000000000009,0.0
14,preserved,1.0,2.7056135110115066e-15,8.881784197001252e-16,9.992007221626409e-15,2.0000000000000004,0.0
14,representational_loss,0.1,0.13089279353372515,0.10010551443375787,0.23917107645319685,0.0,1.0
14,representational_loss,0.25,0.28089279353372515,0.2501055144337579,0.3891710764531968,0.0,1.0
14,representational_loss,0.5,0.5308927935337251,0.5001055144337578,0.6391710764531968,0.0,1.0
14,representational_loss,0.75,0.7808927935337251,0.7501055144337578,0.8891710764531968,0.0,1.0
14,representational_loss,1.0,1.030892793533725,1.0001055144337578,1.1391710764531968,0.0,1.0
15,observational_loss,0.1,0.12969216061678268,0.10022839574105952,0.28909465747085505,0.0,1.0
15,observational_loss,0.25,0.27969216061678265,0.2502283957410595,0.439094657470855,0.0,1.0
15,observational_loss,0.5,0.5296921606167826,0.5002283957410595,0.689094657470855,0.0,1.0
15,observational_loss,0.75,0.7796921606167826,0.7502283957410595,0.939094657470855,0.0,1.0
15,observational_loss,1.0,1.0296921606167828,1.0002283957410596,1.189094657470855,0.0,1.0
15,preserved,0.1,2.0712598303163077e-15,4.85722573273506e-16,3.0253577421035516e-15,0.20000000000000015,0.0
15,preserved,0.25,2.0487500584920324e-15,6.661338147750939e-16,2.886579864025407e-15,0.5000000000000003,0.0
15,preserved,0.5,2.2519763831496674e-15,1.3877787807814457e-15,4.107825191113079e-15,1.0000000000000004,0.0
15,preserved,0.75,2.2959412149248237e-15,1.2212453270876722e-15,3.9968028886505635e-15,1.5,0.0
15,preserved,1.0,3.560041150763027e-15,2.6645352591003757e-15,5.10702591327572e-15,2.0000000000000018,0.0
15,representational_loss,0.1,0.12969216061678268,0.10022839574105952,0.28909465747085505,0.0,1.0
15,representational_loss,0.25,0.27969216061678265,0.2502283957410595,0.439094657470855,0.0,1.0
15,representational_loss,0.5,0.5296921606167826,0.5002283957410595,0.689094657470855,0.0,1.0
15,representational_loss,0.75,0.7796921606167826,0.7502283957410595,0.939094657470855,0.0,1.0
15,representational_loss,1.0,1.0296921606167828,1.0002283957410596,1.189094657470855,0.0,1.0
16,observational_loss,0.1,0.13063182710798757,0.10002334155732057,0.31594466440052227,0.0,1.0
16,observational_loss,0.25,0.2806318271079875,0.2500233415573206,0.46594466440052223,0.0,1.0
16,observational_loss,0.5,0.5306318271079875,0.5000233415573205,0.7159446644005223,0.0,1.0
16,observational_loss,0.75,0.7806318271079875,0.7500233415573205,0.9659446644005223,0.0,1.0
16,observational_loss,1.0,1.0306318271079877,1.0000233415573205,1.2159446644005223,0.0,1.0
16,preserved,0.1,3.229971845541968e-15,2.4841240175987878e-15,3.83026943495679e-15,0.20000000000000054,0.0
16,preserved,0.25,3.2055469390002146e-15,2.4424906541753444e-15,3.608224830031759e-15,0.5000000000000009,0.0
16,preserved,0.5,4.3209880118411094e-15,2.886579864025407e-15,4.884981308350689e-15,1.0000000000000024,0.0
16,preserved,0.75,4.473088566214756e-15,3.552713678800501e-15,4.9960036108132044e-15,1.5000000000000018,0.0
16,preserved,1.0,4.863665026277886e-15,3.552713678800501e-15,6.439293542825908e-15,2.000000000000003,0.0
16,representational_loss,0.1,0.13063182710798757,0.10002334155732057,0.31594466440052227,0.0,1.0
16,representational_loss,0.25,0.2806318271079875,0.2500233415573206,0.46594466440052223,0.0,1.0
16,representational_loss,0.5,0.5306318271079875,0.5000233415573205,0.7159446644005223,0.0,1.0
16,representational_loss,0.75,0.7806318271079875,0.7500233415573205,0.9659446644005223,0.0,1.0
16,representational_loss,1.0,1.0306318271079877,1.0000233415573205,1.2159446644005223,0.0,1.0
